DRG Code,DRG Description,ICD-10 Code,ICD-10 Description,Notes,Remarks
ASUR01A,Operations of thyroid and parathyroid glands >=12 Yrs,D34.00,Benign neoplasm of thyroid gland,,
ASUR01A,Operations of thyroid and parathyroid glands >=12 Yrs,D35.1,Benign neoplasm: Parathyroid gland,,
ASUR01A,Operations of thyroid and parathyroid glands >=12 Yrs,D44.0,Neoplasm of uncertain or unknown behaviour: Thyroid gland,,
ASUR01A,Operations of thyroid and parathyroid glands >=12 Yrs,E04.0,Nontoxic diffuse goitre,,
ASUR02A,Surgery for lung and bronchus lesions >=12 Yrs,J98.4,Other disorders of lung,,
ASUR03A,Thoracostomy and chest tube insertion >=12 Yrs,J90.00,"Pleural effusion, not elsewhere classified",,
ASUR03A,Thoracostomy and chest tube insertion >=12 Yrs,J93.9,"Pneumothorax, unspecified",,
ASUR03A,Thoracostomy and chest tube insertion >=12 Yrs,J94.2,Haemothorax,,
ASUR04A,Operations on the oesophagus and diaphragm >=12 Yrs,C16.0,Malignant neoplasm: Cardia,,
ASUR04A,Operations on the oesophagus and diaphragm >=12 Yrs,K22.2,Oesophageal obstruction,,
ASUR04A,Operations on the oesophagus and diaphragm >=12 Yrs,K22.3,Perforation of oesophagus,,
ASUR04A,Operations on the oesophagus and diaphragm >=12 Yrs,K22.5,"Diverticulum of oesophagus, acquired",,
ASUR04A,Operations on the oesophagus and diaphragm >=12 Yrs,K44.9,Diaphragmatic hernia without obstruction or gangrene,,
ASUR05A,Excision of Neck Swellings >=12 Yrs,D11.9,"Benign neoplasm: Major salivary gland, unspecified",,
ASUR05A,Excision of Neck Swellings >=12 Yrs,D18.1,"Lymphangioma, any site",,
ASUR05A,Excision of Neck Swellings >=12 Yrs,Q18.0,"Sinus, fistula and cyst of branchial cleft",,
ASUR05A,Excision of Neck Swellings >=12 Yrs,Q89.2,Congenital malformations of other endocrine glands,,
ASUR05A,Excision of Neck Swellings >=12 Yrs,R22.1,"Localized swelling, mass and lump, neck",,
ASUR06A,Laparotomy for solid organ Surgery >=12 Yrs,A06.4,Amoebic liver abscess,,
ASUR06A,Laparotomy for solid organ Surgery >=12 Yrs,C64.00,"Malignant neoplasm of kidney, except renal pelvis",,
ASUR06A,Laparotomy for solid organ Surgery >=12 Yrs,D13.4,Benign neoplasm: Liver,,
ASUR06A,Laparotomy for solid organ Surgery >=12 Yrs,D69.3,Idiopathic thrombocytopenic purpura,,
ASUR06A,Laparotomy for solid organ Surgery >=12 Yrs,D73.3,Abscess of spleen,,
ASUR06A,Laparotomy for solid organ Surgery >=12 Yrs,D73.4,Cyst of spleen,,
ASUR06A,Laparotomy for solid organ Surgery >=12 Yrs,D73.5,Infarction of spleen,,
ASUR06A,Laparotomy for solid organ Surgery >=12 Yrs,K75.0,Abscess of liver,,
ASUR06A,Laparotomy for solid organ Surgery >=12 Yrs,N13.6,Pyonephrosis,,
ASUR06A,Laparotomy for solid organ Surgery >=12 Yrs,Q44.6,Cystic disease of liver,,
ASUR06A,Laparotomy for solid organ Surgery >=12 Yrs,S36.0,Injury of spleen,,
ASUR06A,Laparotomy for solid organ Surgery >=12 Yrs,S36.1,Injury of liver or gallbladder,,
ASUR07A,Laparotomy for Gastric Surgery >=12 Yrs,D37.1,Neoplasm of uncertain or unknown behaviour: Stomach,,
ASUR07A,Laparotomy for Gastric Surgery >=12 Yrs,K25.9,"Gastric ulcer: Unspecified as acute or chronic, without haemorrhage or perforation",,
ASUR07A,Laparotomy for Gastric Surgery >=12 Yrs,K26.9,"Duodenal ulcer: Unspecified as acute or chronic, without haemorrhage or perforation",,
ASUR07A,Laparotomy for Gastric Surgery >=12 Yrs,K31.1,Adult hypertrophic pyloric stenosis,,
ASUR07A,Laparotomy for Gastric Surgery >=12 Yrs,K31.7,Polyp of stomach and duodenum,,
ASUR07A,Laparotomy for Gastric Surgery >=12 Yrs,K92.2,"Gastrointestinal haemorrhage, unspecified",,
ASUR08A,Laparotomy for peritonitis >=12 Yrs,K25.5,Gastric ulcer: Chronic or unspecified with perforation,,
ASUR08A,Laparotomy for peritonitis >=12 Yrs,K26.5,Duodenal ulcer: Chronic or unspecified with perforation,,
ASUR08A,Laparotomy for peritonitis >=12 Yrs,K36.00,Other appendicitis,,
ASUR08A,Laparotomy for peritonitis >=12 Yrs,K37.00,Unspecified appendicitis,,
ASUR08A,Laparotomy for peritonitis >=12 Yrs,K63.9,"Disease of intestine, unspecified",,
ASUR08A,Laparotomy for peritonitis >=12 Yrs,K65.9,"Peritonitis, unspecified",,
ASUR09A,Endoscopic surgery for bleeding oesophageal varices >=12 Yrs,I86.4,Gastric varices,,
ASUR10A,Laparotomy and Small Bowel Resection >=12 Yrs,K56.1,Intussusception,,
ASUR10A,Laparotomy and Small Bowel Resection >=12 Yrs,K66.0,Peritoneal adhesions,,
ASUR10A,Laparotomy and Small Bowel Resection >=12 Yrs,K92.2,"Gastrointestinal haemorrhage, unspecified",,
ASUR11A,Laparotomy and colon resection >=12 Yrs,K56.1,Intussusception,,
ASUR11A,Laparotomy and colon resection >=12 Yrs,K56.2,Volvulus,,
ASUR11A,Laparotomy and colon resection >=12 Yrs,K62.3,Rectal prolapse,,
ASUR11A,Laparotomy and colon resection >=12 Yrs,K63.9,"Disease of intestine, unspecified",,
ASUR11A,Laparotomy and colon resection >=12 Yrs,K92.2,"Gastrointestinal haemorrhage, unspecified",,
ASUR11A,Laparotomy and colon resection >=12 Yrs,S36.5,Injury of colon,,
ASUR12A,Laparotomy for Colostomy or Ileostomy >=12 Yrs,K63.9,"Disease of intestine, unspecified",,
ASUR13A,Laparotomy and AP Resection >=12 Yrs,D37.5,Neoplasm of uncertain or unknown behaviour: Rectum,,
ASUR14A,Percutaneous Ultrasound Guided Drainage of lesions >=12 Yrs,A06.4,Amoebic liver abscess,,
ASUR14A,Percutaneous Ultrasound Guided Drainage of lesions >=12 Yrs,A06.5,Amoebic lung abscess,,
ASUR15A,Operations on Anus >=12 Yrs,K60.2,"Anal fissure, unspecified",,
ASUR15A,Operations on Anus >=12 Yrs,K60.3,Anal fistula,,
ASUR15A,Operations on Anus >=12 Yrs,K62.3,Rectal prolapse,,
ASUR15A,Operations on Anus >=12 Yrs,L05.91,Pilonidal cyst without abscess,,
ASUR16A,Laparotomy and drainage of liver >=12 Yrs,A06.4,Amoebic liver abscess,,
ASUR16A,Laparotomy and drainage of liver >=12 Yrs,A06.5,Amoebic lung abscess,,
ASUR17A,Laparotomy for biliary surgery >=12 Yrs,K81.0,Acute cholecystitis,,
ASUR17A,Laparotomy for biliary surgery >=12 Yrs,K83.1,Obstruction of bile duct,,
ASUR17A,Laparotomy for biliary surgery >=12 Yrs,S36.1,Injury of liver or gallbladder,,
ASUR18A,Laparotomy and Pancreatic Surgery >=12 Yrs,D37.7,Neoplasm of uncertain or unknown behaviour: Other digestive organs,,
ASUR18A,Laparotomy and Pancreatic Surgery >=12 Yrs,K86.2,Cyst of pancreas,,
ASUR18A,Laparotomy and Pancreatic Surgery >=12 Yrs,K86.3,Pseudocyst of pancreas,,
ASUR19A,Internal Hernia Repair >=12 Yrs,K44.9,Diaphragmatic hernia without obstruction or gangrene,,
ASUR19A,Internal Hernia Repair >=12 Yrs,K46.9,Unspecified abdominal hernia without obstruction or gangrene,,
ASUR20A,External Hernia Repair >=12 Yrs,K42.9,Umbilical hernia without obstruction or gangrene,,
ASUR20A,External Hernia Repair >=12 Yrs,K43.2,Incisional Hernia Without Obstruction Or Gangrene,,
ASUR20A,External Hernia Repair >=12 Yrs,K43.6,Spigelian Hernia,,
ASUR20A,External Hernia Repair >=12 Yrs,K43.9,Ventral hernia without obstruction or gangrene,,
ASUR21A,Operations on the urethra >=12 Yrs,N34.0,Urethral abscess,,
ASUR21A,Operations on the urethra >=12 Yrs,N36.0,Urethral fistula,,
ASUR21A,Operations on the urethra >=12 Yrs,N36.1,Urethral diverticulum,,
ASUR21A,Operations on the urethra >=12 Yrs,N40.00,Hyperplasia of prostate,,
ASUR22A,Surgery on scrotum & tunica vaginalis >=12 Yrs,I86.1,Scrotal varices,,
ASUR22A,Surgery on scrotum & tunica vaginalis >=12 Yrs,N44.00,Torsion of testis,,
ASUR23A,Mastectomy >=12 Yrs,,,,
ASUR24A,Vascular surgery operations >=12 Yrs,I71.9,"Aortic aneurysm of unspecified site, without mention of rupture",,
ASUR24A,Vascular surgery operations >=12 Yrs,I72.4,Aneurysm and dissection of artery of lower extremity,,
ASUR24A,Vascular surgery operations >=12 Yrs,I73.9,"Peripheral vascular disease, unspecified",,
ASUR24A,Vascular surgery operations >=12 Yrs,I74.9,Embolism and thrombosis of unspecified artery,,
ASUR25A,Stripping and Ligation of veins >=12 Yrs,,,,
ASUR27A,Emergency circumcision >=12 Yrs,N47.01,Phimosis,,
ASUR27A,Emergency circumcision >=12 Yrs,N47.02,Paraphimosis,,
ASUR28A,Genitourinary surgery >=12 Yrs,B65.9,"Schistosomiasis, unspecified",,
ASUR28A,Genitourinary surgery >=12 Yrs,D29.1,Benign neoplasm: Prostate,,
ASUR28A,Genitourinary surgery >=12 Yrs,D30.3,Benign neoplasm: Bladder,,
ASUR28A,Genitourinary surgery >=12 Yrs,N32.9,"Bladder disorder, unspecified",,
ASUR29A,Craniotomy >=12yrs,D43.2,"Neoplasm of uncertain or unknown behaviour: Brain, unspecified",,
ASUR29A,Craniotomy >=12yrs,I61.9,"Intracerebral haemorrhage, unspecified",,
ASUR30A,General Surgery Excision Biopsy >=12 Yrs,D17.9,"Benign lipomatous neoplasm, unspecified",,
ASUR30A,General Surgery Excision Biopsy >=12 Yrs,L72.0,Epidermal cyst,,
ASUR30A,General Surgery Excision Biopsy >=12 Yrs,N62.00,Hypertrophy of breast,,
ASUR30A,General Surgery Excision Biopsy >=12 Yrs,N63.00,Unspecified lump in breast,,
ASUR30A,General Surgery Excision Biopsy >=12 Yrs,Q89.2,Congenital malformations of other endocrine glands,,
ASUR30A,General Surgery Excision Biopsy >=12 Yrs,T01.9,"Multiple open wounds, unspecified",,
ASUR31A,"Incision, Drainage and Debridement - General Surgery >=12 Yrs",N61.00,Inflammatory disorders of breast,,
ASUR32A,Closure of colostomy and ileostomy >=12 Yrs,L43.3,Subacute (active) lichen planus,,
ASUR33A,Laparotomy and Porto-caval Shunt >=12 Yrs,K76.6,Portal hypertension,,
ASUR34A,Conservative management of surgery,K36.00,Other appendicitis,,
ASUR34A,Conservative management of surgery,K81.1,Chronic cholecystitis,,
ASUR35A,Surgery for removal of finger/toe>=12 Yrs,D48.7,Neoplasm of uncertain or unknown behaviour: Other specified sites,,
ASUR35A,Surgery for removal of finger/toe>=12 Yrs,E14.5,Unspecified diabetes mellitus: With peripheral circulatory complications,,
ASUR35A,Surgery for removal of finger/toe>=12 Yrs,N49.3,Gangrene,,
ASUR36A,Surgery for removal of hand or foot >=12 Yrs,D48.7,Neoplasm of uncertain or unknown behaviour: Other specified sites,,
ASUR36A,Surgery for removal of hand or foot >=12 Yrs,E14.5,Unspecified diabetes mellitus: With peripheral circulatory complications,,
ASUR36A,Surgery for removal of hand or foot >=12 Yrs,N49.3,Gangrene,,
ASUR37A,"Amputation below or through elbow or knee, through proximal joints or for the
complete removal of limb >=12 Yr",D48.7,Neoplasm of uncertain or unknown behaviour: Other specified sites,,
ASUR37A,"Amputation below or through elbow or knee, through proximal joints or for the
complete removal of limb >=12 Yr",E14.5,Unspecified diabetes mellitus: With peripheral circulatory complications,,
ASUR37A,"Amputation below or through elbow or knee, through proximal joints or for the
complete removal of limb >=12 Yr",N49.3,Gangrene,,
DENT01A,Forceps Extraction of Tooth >=12 Yrs,K00.1,Supernumerary teeth,,
DENT01A,Supernumerary Teeth,K00.1,Supernumerary teeth,,
DENT01A,Forceps Extraction of Tooth >=12 Yrs,K00.6,Disturbances in tooth eruption,,
DENT01A,Supernumerary Teeth,K00.6,Disturbances in tooth eruption,,
DENT01A,Forceps Extraction of Tooth >=12 Yrs,K01.0,Embedded teeth,,
DENT01A,Supernumerary Teeth,K01.0,Embedded teeth,,
DENT01A,Forceps Extraction of Tooth >=12 Yrs,K01.1,Impacted teeth,,
DENT01A,Supernumerary Teeth,K01.1,Impacted teeth,,
DENT01A,Forceps Extraction of Tooth >=12 Yrs,K04.7,Periapical abscess without sinus,,
DENT01A,Supernumerary Teeth,K04.7,Periapical abscess without sinus,,
DENT01A,Forceps Extraction of Tooth >=12 Yrs,K07.3,Anomalies of tooth position,,
DENT01A,Supernumerary Teeth,K07.3,Anomalies of tooth position,,
DENT01C,Forceps Extraction of Tooth <12 Yrs,,,,
DENT02A,Surgical Removal of Tooth >=12 Yrs,,,,
DENT03A,Temporary Filling >=12 Yrs,,,,
DENT03A,Dental Caries,,,,
DENT03C,Temporary Filling <12 Yrs,,,,
DENT04A,Amalgam Filling >=12 Yrs,,,,
DENT04A,Dental Caries,,,,
DENT04C,Amalgam Filling <12 Yrs,,,,
DENT05A,Composite/GI Filling >=12 Yrs,,,,
DENT05A,Abrasion Of Teeth,,,,
DENT05C,Composite/GI Filling <12 Yrs,,,,
DENT06A,Scaling & Polishing >=12 Yrs,K03.6,Deposits [accretions] on teeth,,
DENT06A,Gingivitis And Periodontal Diseases,K03.6,Deposits [accretions] on teeth,,
DENT06A,Scaling & Polishing >=12 Yrs,K05.6,"Periodontal disease, unspecified",,
DENT06A,Gingivitis And Periodontal Diseases,K05.6,"Periodontal disease, unspecified",,
DENT06C,Scaling & Polishing <12 Yrs,,,,
DENT07A,Gingivectomy >=12 Yrs,,,,
DENT07A,Chronic Gingivitis,,,,
DENT07C,Gingivectomy <12 Yrs,,,,
DENT08A,Root Canal Therapy - Single Root (RCT) >=12 Yrs,,,,
DENT08A,Pulpitis,,,,
DENT08C,Root Canal Therapy - Single Root (RCT) <12 Yrs,,,,
DENT09A,Apicectomy >=12 Yrs,,,,
DENT09A,Radicular Cyst,,,,
DENT09C,Apicectomy <12 Yrs,,,,
DENT10A,Incision and Drainage (I & D) of Oro-Facial Abscess >=12 Yrs,,,,
DENT10A,Periapical Abscess Without Sinus,,,,
DENT10C,Incision and Drainage (I & D) of Oro-Facial Abscess <12 Yrs,,,,
DENT11A,Surgical Excision of Intraoral Lesions >=12 Yrs,,,,
DENT11A,Other Disease Of Jaws,,,,
DENT11C,Surgical Excision of Intraoral Lesions <12 Yrs,,,,
DENT12A,Curetage/Sequestrectomy of Facial Bone >=12 Yrs,,,,
DENT12A,Alveolitis Of Jaws,,,,
DENT12C,Curetage/Sequestrectomy of Facial Bone <12 Yrs,,,,
DENT13A,Removal of Stone from Salivary Duct >=12 Yrs,,,,
DENT13A,Sialolithiasis,,,,
DENT13C,Removal of Stone from Salivary Duct <12 Yrs,,,,
DENT14A,Sialoadenectomy >=12 Yrs,,,,
DENT14A,Sialoadenitis,,,,
DENT14C,Sialoadenectomy <12 Yrs,D11.9,"Benign neoplasm: Major salivary gland, unspecified",,
DENT14C,Sialoadenectomy <12 Yrs,K11.6,Mucocele of salivary gland,,
DENT15A,Suturing of Lacerations of Facial Region >=12 Yrs,,,,
DENT15A,Dislocation Of Tooth,,,,
DENT15C,Suturing of Lacerations of Facial Region <12 Yrs,,,,
DENT16A,Dressing of Open Facial Wounds >=12 Yrs,T14.1,Open wound of unspecified body region,,
DENT16A,Open Wound Of Unspecified Body Region,T14.1,Open wound of unspecified body region,,
DENT16C,Dressing of Open Facial Wounds <12 Yrs,T14.1,Open wound of unspecified body region,,
DENT17A,Frenectomy/Frenotomy >=12 Yrs,Q38.1,Ankyloglossia,,
DENT17A,Ankyloglossia(Tongue Tie),Q38.1,Ankyloglossia,,
DENT17C,Frenectomy/Frenotomy <12 Yrs,Q38.1,Ankyloglossia,,
DENT18A,Partial Resection of Facial Bones or Soft Tissues >=12 Yrs,D48.0,Neoplasm of uncertain or unknown behaviour: Bone and articular cartilage,,
DENT18A,Tumour Of Bone And Articular Cartilage,D48.0,Neoplasm of uncertain or unknown behaviour: Bone and articular cartilage,,
DENT18C,Partial Resection of Facial Bones or Soft Tissues <12 Yrs,D48.0,Neoplasm of uncertain or unknown behaviour: Bone and articular cartilage,,
DENT19A,Total Resection of Facial Bones and Soft Tissues >=12 Yrs,D48.9,"Neoplasm of uncertain or unknown behaviour: Neoplasm of uncertain or unknown behaviour, unspecified",,
DENT19A,Neoplasm Of Uncertain Or Unknown Behaviour,D48.9,"Neoplasm of uncertain or unknown behaviour: Neoplasm of uncertain or unknown behaviour, unspecified",,
DENT19C,Total Resection of Facial Bones and Soft Tissues <12 Yrs,D48.9,"Neoplasm of uncertain or unknown behaviour: Neoplasm of uncertain or unknown behaviour, unspecified",,
DENT20A,Closed Reduction of Fractures of Facial Bones (IMF) >=12 Yrs,,,,
DENT20A,Fracture Of Skull And Facial Bones,,,,
DENT20C,Closed Reduction of Fractures of Facial Bones (IMF) <12 Yrs,,,,
DENT21A,Open Reduction of Facial Fractures >=12 Yrs,S02.7,Multiple fractures involving skull and facial bones,,
DENT21A,Multiple Fractures Involving Skull And Facial Bones,S02.7,Multiple fractures involving skull and facial bones,,
DENT21C,Open Reduction of Facial Fractures <12 Yrs,S02.7,Multiple fractures involving skull and facial bones,,
DENT22A,Removal of Dental Wiring >=12 Yrs,,,,
DENT22A,Fracture Of Skull And Facial Bones,,,,
DENT22C,Removal of Dental Wiring <12 Yrs,,,,
DENT23A,Manual Reduction of TMJ Dislocation >=12 Yrs,,,,
DENT23A,Dislocation Of Jaw,,,,
DENT23C,Manual Reduction of TMJ Dislocation <12 Yrs,,,,
DENT24A,Dental Examination (Medical Management) >=12 Yrs,D69.9,"Haemorrhagic condition, unspecified",,
DENT24A,Haemorrhagic Condition,D69.9,"Haemorrhagic condition, unspecified",,
DENT24C,Dental Examination (Medical Management) <12 Yrs,D69.9,"Haemorrhagic condition, unspecified",,
ENTH01A,"Excision and biopsy of swellings of ear, nose and throat >=12 Yrs",,,,
ENTH01A,Preauricular Sinus And  Cyst,,,,
ENTH01C,"Excision and biopsy of swellings of ear, nose and throat <12 Yrs",,,,
ENTH02A,Surgery for external ear lesions >=12 Yrs,,,,
ENTH02A,Other And Unspecified Injuries Of Head,,,,
ENTH02C,Surgery for external ear lesions <12 Yrs,,,,
ENTH05A,Surgery for internal ear lesions >=12 Yrs,,,,
ENTH05A,Acquired Stenosis Of External Ear Canal,,,,
ENTH05C,Surgery for internal ear lesions <12 Yrs,,,,
ENTH06A,Reconstructive Surgery of ear >=12 Yrs,,,,
ENTH06A,Congenital Malformation Of Ear Causing Impairment Of Hearing,,,,
ENTH06C,Reconstructive Surgery of ear <12 Yrs,,,,
ENTH07A,Sinus Surgery >=12 Yrs,,,,
ENTH07A,Mastoiditis,,,,
ENTH07C,Sinus Surgery <12 Yrs,,,,
ENTH08A,Surgery of tonsils and adenoids >=12 Yrs,,,,
ENTH08A,Obstructive Sleep Apnoea,,,,
ENTH08C,Surgery of tonsils and adenoids <12 Yrs,,,,
ENTH09A,Surgery of Salivary Glands >=12 Yrs,,,,
ENTH09A,"Neoplasm Of Lip, Oral And Pharynx",,,,
ENTH09C,Surgery of Salivary Glands <12 Yrs,,,,
ENTH10A,Laryngectomy >=12 Yrs,,,,
ENTH10A,Open Wound Of Neck,,,,
ENTH10C,Laryngectomy <12 Yrs,,,,
ENTH12A,Excision and Reconstruction of Oro- and Naso-pharynx >=12 Yrs,,,,
ENTH12A,Oropharyngeal Mass,,,,
ENTH12C,Excision and Reconstruction of Oro- and Naso-pharynx <12 Yrs,,,,
ENTH13A,"Examination under anaesthesia and removal of foreign body in Ear, Nose and
Throat >=12 Yr",,,,
ENTH13A,Foreign Body In The Ear,,,,
ENTH13C,"Examination under anaesthesia and removal of foreign body in Ear, Nose and
Throat <12 Yr",,,,
ENTH14A,"Incision and Drainage of Abscess of ear, nose and throat >=12 Yrs",J39.0,Retropharyngeal and parapharyngeal abscess,,
ENTH14A,Retropharyngeal And Parapharyngeal Abscess,J39.0,Retropharyngeal and parapharyngeal abscess,,
ENTH14C,"Incision and Drainage of Abscess of ear, nose and throat <12 Yrs",J39.0,Retropharyngeal and parapharyngeal abscess,,
ENTH15A,Manipulation and reduction of fractured nasal bone >=12 Yrs,,,,
ENTH15A,Fractured Nasal Bone,,,,
ENTH15C,Manipulation and reduction of fractured nasal bone <12 Yrs,,,,
ENTH16A,Specific nasal surgery >=12 Yrs,,,,
ENTH16A,Deviated Nasal Septum,,,,
ENTH16C,Specific nasal surgery <12 Yrs,J34.2,Deviated nasal septum,,
ENTH16C,Specific nasal surgery <12 Yrs,J34.3,Hypertrophy of nasal turbinates,,
ENTH16C,Specific nasal surgery <12 Yrs,M95.0,Acquired deformity of nose,,
ENTH16C,Specific nasal surgery <12 Yrs,Q30.0,Choanal atresia,,
ENTH17A,Arterial Ligation for Epistaxis >=12 Yrs,R04.0,Epistaxis,,
ENTH17A,Epistaxis,R04.0,Epistaxis,,
ENTH17C,Arterial Ligation for Epistaxis <12 Yrs,R04.0,Epistaxis,,
ENTH18A,"Surgery for trauma to ear, nose, throat >=12 Yrs",,,,
ENTH18A,Open Wound Involving Pharynx And Cervical Oesophagus,,,,
ENTH18C,"Surgery for trauma to ear, nose, throat <12 Yrs",,,,
ENTH19A,Excision biopsy of swellings of neck >=12 Yrs,,,,
ENTH19A,Thyroglossal Cyst,,,,
ENTH19C,Excision biopsy of swellings of neck <12 Yrs,,,,
ENTH20A,ENT OPD Procedures >=12 Yrs,,,,
ENTH20A,Impacted Cerumen (Wax In Ear),,,,
ENTH20C,ENT OPD Procedures <12 Yrs,,,,
ENTH21A,Vestibulometry >=12 Yrs,,,,
ENTH21A,Dizziness And Giddiness,,,,
ENTH21C,Vestibulometry <12 Yrs,,,,
ENTH22A,Evoked response audiometry >=12 Yrs,,,,
ENTH22A,Other Hearing Loss,,,,
ENTH22C,Evoked response audiometry <12 Yrs,,,,
ENTH23A,Antral Lavage under Local Anaesthesia >=12 Yrs,,,,
ENTH23A,Chronic Sinusitis,,,,
ENTH23C,Antral Lavage under Local Anaesthesia <12 Yrs,,,,
ENTH24A,Endoscopic ENT Surgery >=12 Yrs,,,,
ENTH24A,Other Disorders Of Nose And Nasal Sinuses,,,,
ENTH24C,Endoscopic ENT Surgery <12 Yrs,,,,
INVE01D,2 Hour Post Prandial Blood Glucose,,,,
INVE01E,Serum Adrenocorticotropic Hormone (ACTH),,,,
INVE02D,24hr Urine for Protein,,,,
INVE02E,Serum Albumin,,,,
INVE03D,Alanine Aminotransferase (ALT),,,,
INVE03E,Serum Alkalne Phosphatase (ALP),,,,
INVE04D,Alpha Amylase (Serum/Urine),,,,
INVE04E,Serum Beta-Human Chorionic Gonadotropin (HCG),,,,
INVE05D,Alpha-Fetoprotein (AFP),,,,
INVE05E,Serum Calcium,,,,
INVE06D,Ap-Prothrombin Time,,,,
INVE06E,Serum Creatinine,,,,
INVE07D,Arterial Blood Gas (ABG),,,,
INVE07E,"Serum Electrolyte (Na+, K+)",,,,
INVE08D,Aspartate Aminotransferase (AST),,,,
INVE08E,Serum Ferritin,,,,
INVE09D,B/F for Malaria Parasites,,,,
INVE09E,Serum Iron (Fe),,,,
INVE100,Acid Phosphate,,,,
INVE101,Chloride,,,,
INVE102,Direct Bilirubin/Total Bilirubin,,,,
INVE103,Donor Screening for HB & AG,,,,
INVE104,Grouping/X Matching/Unit,,,,
INVE105,Hepatitis C screening,,,,
INVE106,IOPA Xray,,,,
INVE107,Magnesium,,,,
INVE108,NA+,,,,
INVE109,Phosphorus,,,,
INVE10D,Barium Enema,,,,
INVE10E,Serum Lactate Dehydrogenase (LDH),,,,
INVE110,Platelet Count,,,,
INVE111,Potassium,,,,
INVE112,Renal Function Test,,,,
INVE113,Semen Analysis,,,,
INVE114,Total leucocyte count,,,,
INVE115,Total Proteins Blood,,,,
INVE116,Urine Sugar,,,,
INVE117,VCT,,,,
INVE118,Vitality Test,,,,
INVE119,VLDL,,,,
INVE11D,Barium Meal,,,,
INVE11E,Serum Prolactin (PRL),,,,
INVE120,WBC+Differential,,,,
INVE122,Malaria Card Test (Dipstik assay/rapid card),,,,
INVE123,RH Typing,,,,
INVE124,Keratometry,,,,
INVE125,A-scan,,,,
INVE126,"Serum vitamin B12, and folate levels",,,,
INVE129,Ultrasound biomicroscopy,,,,
INVE12D,Barium Meal & Follow Through,,,,
INVE12E,Serum Total Protein,,,,
INVE130,Demonstration of Heinz bodies,,,,
INVE132,Anti-streptolysin test,,,,
INVE133,Viral serology,,,,
INVE134,Calcium Infusion test,,,,
INVE135,Pulmonary Function test,,,,
INVE136,Pleural fluid analysis,,,,
INVE137,Cancer antigen 19-9,,,,
INVE138,Transhepatic cholangiography (PTC),,,,
INVE139,Bone Scan,,,,
INVE13D,Barium Swallow,,,,
INVE13E,Serum Triglyceride,,,,
INVE140,Breast tissue Biopsy,,,,
INVE141,C Reactive Protein,,,,
INVE142,EEG (Electroencephalogram),,,,
INVE143,Holter,,,,
INVE144,Angiography,,,,
INVE145,Myocardial perfusion imaging,,,,
INVE146,Guthrie test,,,,
INVE149,Typhi Dot,,,,
INVE14D,Bilirubin,,,,
INVE14E,Serum Uric Acid,,,,
INVE150,AEC,,,,
INVE151,Blood Sugar PP,,,,
INVE152,Biopsy L/A,,,,
INVE154,ASO titre,,,,
INVE155,Gonioscopy,,,,
INVE156,Hematocrit,,,,
INVE157,CT Scan - 2 Region with No Contrast,,,,
INVE158,CT Scan - 2 Region + 1Contrast,,,,
INVE159,CT Scan - 2 region + 2 contrast,,,,
INVE15D,Bleeding and Clotting Time,,,,
INVE15E,Sialogram,,,,
INVE160,MRI 2 region with no contrast,,,,
INVE161,MRI 2 region with + contrast,,,,
INVE16D,Blood for C/S,,,,
INVE16E,Sickling Test,,,,
INVE17D,Blood Grouping,,,,
INVE17E,Skin Scrapping For Fungal Elements,,,,
INVE18D,Blood Grouping & Antibody Screen,,,,
INVE18E,Skin Snip,,,,
INVE19D,Blood Parasites,,,,
INVE19E,Stool C/S,,,,
INVE20D,Blood Urea,,,,
INVE20E,Stool For Occult Blood,,,,
INVE21D,Blood Urea & Electrolytes,,,,
INVE21E,T3,,,,
INVE22D,Bone Marrow - Trephine Biopsy,,,,
INVE22E,T4,,,,
INVE23D,Bone Marrow Aspirate,,,,
INVE23E,Testosterone,,,,
INVE24D,Bue & Creatinine,,,,
INVE24E,Thyroid Function Test (TSH),,,,
INVE25D,Carcino Embryonic Antigen (CEA),,,,
INVE25E,Thyroid Profile,,,,
INVE26D,Cerebrospinal Fluid for C/S,,,,
INVE26E,Total Iron Binding Capacity (TIBC),,,,
INVE27D,Clusters of Differentiation Cells (CD4),,,,
INVE27E,Total Serum Cholesterol,,,,
INVE28D,Coombs Test (Direct),,,,
INVE28E,Trophozoite Count,,,,
INVE29D,Creatine Kinase - Mb (CK - Mb),,,,
INVE29E,Troponin,,,,
INVE30D,Creatine Kinase (CK),,,,
INVE30E,Ultrasound,,,,
INVE31D,CSF Latex Agglutination,,,,
INVE31E,Ultrasound - 2 Regions,,,,
INVE32D,CT Scan - 1 Region + 2 Contrast,,,,
INVE32E,Ultrasound Guided Incision & Drainage,,,,
INVE33D,CT Scan - 1 Region + 1IV Contrast,,,,
INVE33E,Urethrogram,,,,
INVE34D,CT Scan - 1 Region + No Contrast,,,,
INVE34E,Urine C/S,,,,
INVE35D,Cystogram,,,,
INVE35E,Urine For Bence Jones Protein,,,,
INVE36D,Cytology,,,,
INVE36E,Veneral Disease Research Laboratory (VDRL),,,,
INVE37D,Digoxin Level,,,,
INVE37E,Venogram - 1 Region,,,,
INVE38D,Dihydroxy Epiandesterone Sulphate (Dhea-S),,,,
INVE38E,Widal Test,,,,
INVE39D,Doppler Scan,,,,
INVE40D,Ductologram/Galactographyy,,,,
INVE41D,ECG,,,,
INVE42D,Erythrocyte Sedimentation Rate (ESR),,,,
INVE43D,Estrogen,,,,
INVE44D,Factor IX,,,,
INVE45D,Factor VIII,,,,
INVE46D,Fasting Blood Sugar/Random Blood Sugar,,,,
INVE47D,Fistulogram,,,,
INVE48D,Follicle Stimulating Hormone (FSH),,,,
INVE49D,FT3,,,,
INVE50D,FT4,,,,
INVE51D,Full Blood Count FBC (Auto) & Film Comment,,,,
INVE52D,Full Blood Count FBC (Automation),,,,
INVE53D,Full Blood Count With Film Comment (Manual),,,,
INVE54D,Fungal Cultures,,,,
INVE55D,Gamma Glutamyl Transferase (GGT),,,,
INVE56D,Glucose-6-Phosphate Dehydrogenase (G6PD),,,,
INVE57D,Glycosylated Haemoglobin (HBA 1C),,,,
INVE58D,Haemoglobin A2 & F Estimation,,,,
INVE59D,Haemoglobin Electrophoresis,,,,
INVE60D,Haemoglobin Estimation (HB),,,,
INVE61D,HDL - Cholesterol,,,,
INVE62D,Helicobacter Pylori Test,,,,
INVE63D,Hepatitis B Surface Antigen ( HBSAG) HBV,,,,
INVE64D,Hepatitis B Virus Profile (HBV Profile),,,,
INVE65D,High Vaginal Swab For C/S,,,,
INVE66D,High Vaginal Swab Routine Examination,,,,
INVE67D,Histopathology,,,,
INVE68D,Human Immunodeficiency Virus (HIV) Confirmation,,,,
INVE69D,Human Immunodeficiency Virus (HIV) Screening,,,,
INVE70D,Hysterosalpingogram,,,,
INVE71D,Immunostaining,,,,
INVE72D,Intravenous Urography,,,,
INVE73D,LDL - Cholesterol,,,,
INVE74D,LFT,,,,
INVE75D,Lipid Profile,,,,
INVE76D,Lupus Erythematosus Cell (Le Cell),,,,
INVE77D,Luteinizing Hormone (LH),,,,
INVE78D,Mammogram,,,,
INVE79D,"Miscelllaneous Cultures (Fluids, Aspirates & Exudates)",,,,
INVE80D,MRI - 1 Region + Contrast,,,,
INVE81D,MRI - 1 Region + No Contrast,,,,
INVE82D,Myelogram - 1 Region,,,,
INVE83D,Oral Glucose Tolerance Test (OGTT),,,,
INVE84D,Orthopanthomograph (OPT),,,,
INVE85D,Pancreatic Amylase,,,,
INVE86D,Pap Smear/Fine Needle Aspiration,,,,
INVE87D,Percutaneous Biopsy - CT Scan Guide,,,,
INVE88D,Percutaneous Biopsy - Flouroscopic Guide,,,,
INVE89D,X-ray one region,,,,
INVE90D,X-ray two region,,,,
INVE91D,Plasma Cortisol,,,,
INVE92D,Pregnancy Test,,,,
INVE93D,Progesterone (Prog),,,,
INVE94D,Prostate Specific Antigen (PSA),,,,
INVE95D,Prothrombin Time,,,,
INVE96D,Reticulocyte Count (Retics),,,,
INVE97D,Rheumatoid Factor,,,,
INVE98D,Routine Stool Examination,,,,
INVE99D,Routine Urine Examination,,,,
MEDI01A,Thyroid Diseases >=12 Yrs,E00.9,"Congenital iodine-deficiency syndrome, unspecified",,
MEDI01A,Thyroid Diseases >=12 Yrs,E01.8,Other iodine-deficiency-related thyroid disorders and allied conditions,,
MEDI01A,Thyroid Diseases >=12 Yrs,E03.9,"Hypothyroidism, unspecified",,
MEDI01A,Thyroid Diseases >=12 Yrs,E04.9,"Nontoxic goitre, unspecified",,
MEDI02A,Diabetes - Simple >=12 Yrs,,,,
MEDI03A,Diabetes - Complicated >=12 Yrs,E12.5,Malnutrition-related diabetes mellitus: With peripheral circulatory complications,,
MEDI03A,Diabetes - Complicated >=12 Yrs,E14.1,Unspecified diabetes mellitus: With ketoacidosis,,
MEDI03A,Diabetes - Complicated >=12 Yrs,E14.5,Unspecified diabetes mellitus: With peripheral circulatory complications,,
MEDI03A,Diabetes - Complicated >=12 Yrs,E14.8,Unspecified diabetes mellitus: With unspecified complications,,
MEDI04A,Other Endocrine Diseases >=12 Yrs,E21.3,"Hyperparathyroidism, unspecified",,
MEDI04A,Other Endocrine Diseases >=12 Yrs,E23.2,Diabetes insipidus,,
MEDI04A,Other Endocrine Diseases >=12 Yrs,E25.0,Congenital adrenogenital disorders associated with enzyme deficiency,,
MEDI05A,Malnutrition >=12 Yrs,E43.00,Unspecified severe protein-energy malnutrition,,
MEDI05A,Malnutrition >=12 Yrs,E55.9,"Vitamin D deficiency, unspecified",,
MEDI06A,Anaemia >=12 Yrs,D50.9,"Iron deficiency anaemia, unspecified",,
MEDI06A,Anaemia >=12 Yrs,D51.9,"Vitamin B12 deficiency anaemia, unspecified",,
MEDI06A,Anaemia >=12 Yrs,D58.9,"Hereditary haemolytic anaemia, unspecified",,
MEDI07A,Heart Disease >=12 Yrs,I00.00,Rheumatic fever without mention of heart involvement,,
MEDI07A,Heart Disease >=12 Yrs,I25.2,Old myocardial infarction,,
MEDI07A,Heart Disease >=12 Yrs,I31.3,Pericardial effusion (noninflammatory),,
MEDI07A,Heart Disease >=12 Yrs,I31.9,"Disease of pericardium, unspecified",,
MEDI07A,Heart Disease >=12 Yrs,I32.00,Pericarditis In Diseases Classified Elsewhere,,
MEDI07A,Heart Disease >=12 Yrs,I38.00,"Endocarditis, valve unspecified",,
MEDI07A,Heart Disease >=12 Yrs,I48.00,Atrial fibrillation and flutter,,
MEDI07A,Heart Disease >=12 Yrs,I50.0,Congestive heart failure,,
MEDI07A,Heart Disease >=12 Yrs,I50.1,Left ventricular failure,,
MEDI07A,Heart Disease >=12 Yrs,I50.9,"Heart failure, unspecified",,
MEDI07A,Heart Disease >=12 Yrs,I51.4,"Myocarditis, unspecified",,
MEDI07A,Heart Disease >=12 Yrs,Q24.9,"Congenital malformation of heart, unspecified",,
MEDI08A,Poisoning >=12 Yrs,J68.0,"Bronchitis and pneumonitis due to chemicals, gases, fumes and vapours",,
MEDI10A,Non-Traumatic Coma >=12 Yrs,A17.0,Tuberculous meningitis,,
MEDI10A,Non-Traumatic Coma >=12 Yrs,E14.0,Unspecified diabetes mellitus: With coma,,
MEDI10A,Non-Traumatic Coma >=12 Yrs,E15.00,Nondiabetic hypoglycaemic coma,,
MEDI10A,Non-Traumatic Coma >=12 Yrs,G03.9,"Meningitis, unspecified",,
MEDI10A,Non-Traumatic Coma >=12 Yrs,I64.00,"Stroke, not specified as haemorrhage or infarction",,
MEDI10A,Non-Traumatic Coma >=12 Yrs,N19.00,Unspecified kidney failure,,
MEDI11A,Paralytic Conditions >=12 Yrs,A80.9,"Acute poliomyelitis, unspecified",,
MEDI11A,Paralytic Conditions >=12 Yrs,G35.00,Multiple sclerosis,,
MEDI11A,Paralytic Conditions >=12 Yrs,G37.3,Acute transverse myelitis in demyelinating disease of central nervous system,,
MEDI11A,Paralytic Conditions >=12 Yrs,G61.0,Guillain-BarrE9 syndrome,,
MEDI11A,Paralytic Conditions >=12 Yrs,S14.3,Injury of brachial plexus,,
MEDI12A,Seizure Disorders >=12 Yrs,F44.5,Dissociative convulsions,,
MEDI12A,Seizure Disorders >=12 Yrs,G41.9,"Status epilepticus, unspecified",,
MEDI12A,Seizure Disorders >=12 Yrs,R56.8,Other and unspecified convulsions,,
MEDI13A,Transient Loss of Consciousness >=12 Yrs,G45.9,"Transient cerebral ischaemic attack, unspecified",,
MEDI13A,Transient Loss of Consciousness >=12 Yrs,R55.00,Syncope and collapse,,
MEDI14A,Cerebro Vascular Accident/Stroke >=12 Yrs,I64.00,"Stroke, not specified as haemorrhage or infarction",,
MEDI14A,Cerebro Vascular Accident/Stroke >=12 Yrs,I67.9,"Cerebrovascular disease, unspecified",,
MEDI15A,Bone Marrow Hypoplasia >=12 Yrs,D61.9,"Aplastic anaemia, unspecified",,
MEDI16A,Sickle Cell Disease with Complication/Crisis >=12 Yrs,,,,
MEDI17A,Clotting/Bleeding Disorders >=12 Yrs,D65.00,Disseminated intravascular coagulation [defibrination syndrome],,
MEDI17A,Clotting/Bleeding Disorders >=12 Yrs,D66.00,Hereditary factor VIII deficiency,,
MEDI18A,Diseases of Skin/Subcutaneous Tissues >=12 Yrs,L30.9,"Dermatitis, unspecified",,
MEDI18A,Diseases of Skin/Subcutaneous Tissues >=12 Yrs,L51.1,Bullous erythema multiforme,,
MEDI18A,Diseases of Skin/Subcutaneous Tissues >=12 Yrs,T30.0,"Burn of unspecified body region, unspecified degree",,
MEDI19A,Kidney Disease without Renal Failure >=12 Yrs,N10.00,Acute tubulo-interstitial nephritis,,
MEDI19A,Kidney Disease without Renal Failure >=12 Yrs,N12.00,"Tubulo-interstitial nephritis, not specified as acute or chronic",,
MEDI19A,Kidney Disease without Renal Failure >=12 Yrs,N39.1,"Persistent proteinuria, unspecified",,
MEDI20A,Renal Failure without Dialysis >=12 Yrs,N18.9,"Chronic kidney disease, unspecified",,
MEDI21A,Acute Renal Failure with Dialysis >=12 Yrs,,,,
MEDI22A,Obstructive Airway Disease >=12 Yrs,J21.9,"Acute bronchiolitis, unspecified",,
MEDI22A,Obstructive Airway Disease >=12 Yrs,J40.00,"Bronchitis, not specified as acute or chronic",,
MEDI22A,Obstructive Airway Disease >=12 Yrs,J42.00,Unspecified chronic bronchitis,,
MEDI22A,Obstructive Airway Disease >=12 Yrs,J44.9,"Chronic obstructive pulmonary disease, unspecified",,
MEDI22A,Obstructive Airway Disease >=12 Yrs,J46.00,Status asthmaticus,,
MEDI23A,Diarrhoea and Vomiting >=12 Yrs,A06.0,Acute amoebic dysentery,,
MEDI23A,Diarrhoea and Vomiting >=12 Yrs,A09.0,Other and unspecified gastroenteritis and colitis of infectious origin,,
MEDI24A,Liver Diseases >=12 Yrs,B17.9,"Acute viral hepatitis, unspecified",,
MEDI25A,Gastro Intestinal Tract Bleeding >=12 Yrs,I86.4,Gastric varices,,
MEDI25A,Gastro Intestinal Tract Bleeding >=12 Yrs,K63.9,"Disease of intestine, unspecified",,
MEDI25A,Gastro Intestinal Tract Bleeding >=12 Yrs,K92.0,Haematemesis,,
MEDI25A,Gastro Intestinal Tract Bleeding >=12 Yrs,K92.1,Melaena,,
MEDI25A,Gastro Intestinal Tract Bleeding >=12 Yrs,K92.2,"Gastrointestinal haemorrhage, unspecified",,
MEDI26A,Non-Specific Abdominal Conditions >=12 Yrs,B83.9,"Helminthiasis, unspecified",,
MEDI26A,Non-Specific Abdominal Conditions >=12 Yrs,B89.00,Unspecified parasitic disease,,
MEDI26A,Non-Specific Abdominal Conditions >=12 Yrs,K30.00,Dyspepsia,,
MEDI26A,Non-Specific Abdominal Conditions >=12 Yrs,K86.1,Other chronic pancreatitis,,
MEDI26A,Non-Specific Abdominal Conditions >=12 Yrs,R10.4,Other and unspecified abdominal pain,,
MEDI27A,Shock >=12 Yrs,A41.9,"Sepsis, unspecified",,
MEDI27A,Shock >=12 Yrs,R57.0,Cardiogenic shock,,
MEDI27A,Shock >=12 Yrs,R57.1,Hypovolaemic shock,,
MEDI27A,Shock >=12 Yrs,R58.00,"Haemorrhage, not elsewhere classified",,
MEDI28A,Malaria >=12 Yrs,B54.00,Unspecified malaria,,
MEDI29A,Black Water Fever >=12 Yrs,,,,
MEDI30A,Systemic Infections >=12 Yrs,A20.3,Plague meningitis,,
MEDI30A,Systemic Infections >=12 Yrs,A35.00,Other tetanus,,
MEDI30A,Systemic Infections >=12 Yrs,A41.9,"Sepsis, unspecified",,
MEDI30A,Systemic Infections >=12 Yrs,A86.00,Unspecified viral encephalitis,,
MEDI30A,Systemic Infections >=12 Yrs,A90.00,Dengue fever [classical dengue],,
MEDI30A,Systemic Infections >=12 Yrs,A91.00,Dengue haemorrhagic fever,,
MEDI30A,Systemic Infections >=12 Yrs,A92.0,Chikungunya virus disease,,
MEDI30A,Systemic Infections >=12 Yrs,A92.8,Other specified mosquito-borne viral fevers,,
MEDI30A,Systemic Infections >=12 Yrs,A92.9,"Mosquito-borne viral fever, unspecified",,
MEDI30A,Systemic Infections >=12 Yrs,A99.00,Unspecified viral haemorrhagic fever,,
MEDI30A,Systemic Infections >=12 Yrs,B94.1,Sequelae of viral encephalitis,,
MEDI30A,Systemic Infections >=12 Yrs,G03.9,"Meningitis, unspecified",,
MEDI30A,Systemic Infections >=12 Yrs,G05.00,"Encephalitis, Myelitis And Encephalomyelitis In Diseases Classified Elsewhere",,
MEDI30A,Systemic Infections >=12 Yrs,I33.0,Acute and subacute infective endocarditis,,
MEDI30A,Systemic Infections >=12 Yrs,J47.00,Bronchiectasis,,
MEDI30A,Systemic Infections >=12 Yrs,J99.00,Respiratory Disorders In Diseases Classified Elsewhere,,
MEDI30A,Systemic Infections >=12 Yrs,M00.9,"Pyogenic arthritis, unspecified",,
MEDI30A,Systemic Infections >=12 Yrs,N12.00,"Tubulo-interstitial nephritis, not specified as acute or chronic",,
MEDI30A,Systemic Infections >=12 Yrs,R21.00,Rash and other nonspecific skin eruption,,
MEDI31A,Localised Infections >=12 Yrs,A53.9,"Syphilis, unspecified",,
MEDI31A,Localised Infections >=12 Yrs,B02.9,Zoster without complication,,
MEDI31A,Localised Infections >=12 Yrs,J02.9,"Acute pharyngitis, unspecified",,
MEDI31A,Localised Infections >=12 Yrs,J18.9,"Pneumonia, unspecified",,
MEDI31A,Localised Infections >=12 Yrs,J32.9,"Chronic sinusitis, unspecified",,
MEDI31A,Localised Infections >=12 Yrs,J40.00,"Bronchitis, not specified as acute or chronic",,
MEDI31A,Localised Infections >=12 Yrs,J98.8,Other specified respiratory disorders,,
MEDI31A,Localised Infections >=12 Yrs,L23.9,"Allergic contact dermatitis, unspecified cause",,
MEDI31A,Localised Infections >=12 Yrs,N39.0,"Urinary tract infection, site not specified",,
MEDI31A,Localised Infections >=12 Yrs,P38.00,Omphalitis of newborn with or without mild haemorrhage,,
MEDI32A,Hypertension >=12 Yrs,I10.00,Essential (primary) hypertension,,
MEDI33A,Ischaemic Heart Disease >=12 Yrs,I20.0,Unstable angina,,
MEDI34A,Pulmonary Embolism >=12 Yrs,,,,
MEDI35A,Ulcer of Skin >=12 Yrs,,,,
MEDI36A,Alcoholism >=12 Yrs,,,,
MEDI37A,Animal Bites >=12 Yrs,W50.00,"Hit, struck, kicked, twisted, bitten or scratched by another person",,
MEDI37A,Animal Bites >=12 Yrs,W53.00,Bitten by rat,,
MEDI37A,Animal Bites >=12 Yrs,W54.00,Bitten or struck by dog,,
MEDI37A,Animal Bites >=12 Yrs,W55.00,Bitten or struck by other mammals,,
MEDI38A,Retroviral Infection/Immuno Suppression >=12 Yrs,B20.0,HIV disease resulting in mycobacterial infection,,
MEDI38A,Retroviral Infection/Immuno Suppression >=12 Yrs,B20.1,HIV disease resulting in other bacterial infections,,
MEDI38A,Retroviral Infection/Immuno Suppression >=12 Yrs,B20.2,HIV disease resulting in cytomegaloviral disease,,
MEDI38A,Retroviral Infection/Immuno Suppression >=12 Yrs,B20.3,HIV disease resulting in other viral infections,,
MEDI38A,Retroviral Infection/Immuno Suppression >=12 Yrs,B20.4,HIV disease resulting in candidiasis,,
MEDI38A,Retroviral Infection/Immuno Suppression >=12 Yrs,B20.5,HIV disease resulting in other mycoses,,
MEDI38A,Retroviral Infection/Immuno Suppression >=12 Yrs,B20.6,HIV disease resulting in Pneumocystis jirovecii pneumonia,,
MEDI38A,Retroviral Infection/Immuno Suppression >=12 Yrs,B20.7,HIV disease resulting in multiple infections,,
MEDI38A,Retroviral Infection/Immuno Suppression >=12 Yrs,B20.8,HIV disease resulting in other infectious and parasitic diseases,,
MEDI38A,Retroviral Infection/Immuno Suppression >=12 Yrs,B20.9,HIV disease resulting in unspecified infectious or parasitic disease,,
MEDI39A,Chemotheraphy,D06.9,"Carcinoma in situ: Cervix, unspecified",,
MEDI40A,Radiotheraphy,D05.01,Lobular carcinoma in situ of right breast,,
MEDI40A,Radiotheraphy,D05.10,Intraductal carcinoma in situ of unspecified breast,,
MEDI40A,Radiotheraphy,D05.11,Intraductal carcinoma in situ of right breast,,
MEDI40A,Radiotheraphy,D05.12,Intraductal carcinoma in situ of left breast,,
MEDI40A,Radiotheraphy,D05.7,Other carcinoma in situ of breast,,
MEDI40A,Radiotheraphy,D05.80,Other specified type of carcinoma in situ of unspecified breast,,
MEDI40A,Radiotheraphy,D05.81,Other specified type of carcinoma in situ of right breast,,
MEDI40A,Radiotheraphy,D05.82,Other specified type of carcinoma in situ of left breast,,
MEDI40A,Radiotheraphy,D05.90,Unspecified type of carcinoma in situ of unspecified breast,,
MEDI40A,Radiotheraphy,D05.91,Unspecified type of carcinoma in situ of right breast,,
MEDI40A,Radiotheraphy,D05.92,Unspecified type of carcinoma in situ of left breast,,
MEDI40A,Radiotheraphy,D06.9,"Carcinoma in situ: Cervix, unspecified",,
MEDI41A,Cerebral Malaria,B50.0,Plasmodium falciparum malaria with cerebral complications,,
MEDI42A,Dialysis for Chronic Renal Failure >=12Yrs,,,,
OBGY01A,Gynaecological Laparotomy,D26.9,"Other benign neoplasm: Uterus, unspecified",,
OBGY01A,Gynaecological Laparotomy,D27.00,Benign neoplasm of ovary,,
OBGY01A,Gynaecological Laparotomy,N73.9,"Female pelvic inflammatory disease, unspecified",,
OBGY01A,Gynaecological Laparotomy,N80.9,"Endometriosis, unspecified",,
OBGY01A,Gynaecological Laparotomy,N85.8,Other specified noninflammatory disorders of uterus,,
OBGY01A,Gynaecological Laparotomy,O08.9,"Complication following abortion and ectopic and molar pregnancy, unspecified",,
OBGY01A,Gynaecological Laparotomy,O71.9,"Obstetric trauma, unspecified",,
OBGY01A,Gynaecological Laparotomy,O72.1,Other immediate postpartum haemorrhage,,
OBGY01A,Gynaecological Laparotomy,O85.00,Puerperal sepsis,,
OBGY01A,Gynaecological Laparotomy,O90.9,"Complication of the puerperium, unspecified",,
OBGY02A,Diagnostic Laparascopy,N73.9,"Female pelvic inflammatory disease, unspecified",,
OBGY02A,Diagnostic Laparascopy,N80.9,"Endometriosis, unspecified",,
OBGY02A,Diagnostic Laparascopy,N85.8,Other specified noninflammatory disorders of uterus,,
OBGY02A,Diagnostic Laparascopy,O72.1,Other immediate postpartum haemorrhage,,
OBGY03A,Operative Laparascopy,D25.9,"Leiomyoma of uterus, unspecified",,
OBGY03A,Operative Laparascopy,D26.9,"Other benign neoplasm: Uterus, unspecified",,
OBGY03A,Operative Laparascopy,D27.00,Benign neoplasm of ovary,,
OBGY03A,Operative Laparascopy,N80.9,"Endometriosis, unspecified",,
OBGY03A,Operative Laparascopy,O08.9,"Complication following abortion and ectopic and molar pregnancy, unspecified",,
OBGY04A,Culdocentesis/Culdotomy,N73.9,"Female pelvic inflammatory disease, unspecified",,
OBGY05A,Cauterization,C52.00,Malignant neoplasm of vagina,,
OBGY05A,Cauterization,C53.9,"Malignant neoplasm: Cervix uteri, unspecified",,
OBGY05A,Cauterization,C57.9,"Malignant neoplasm: Female genital organ, unspecified",,
OBGY05A,Cauterization,D26.0,Other benign neoplasm: Cervix uteri,,
OBGY05A,Cauterization,N72.00,Inflammatory disease of cervix uteri,,
OBGY05A,Cauterization,N80.9,"Endometriosis, unspecified",,
OBGY06A,MVA/EOU,O02.1,Missed abortion,,
OBGY06A,MVA/EOU,O02.89,Other abnormal products of conception,,
OBGY06A,MVA/EOU,O02.9,"Abnormal product of conception, unspecified",,
OBGY06A,MVA/EOU,O03.0,"Spontaneous abortion: Incomplete, complicated by genital tract and pelvic infection",,
OBGY06A,MVA/EOU,O03.1,"Spontaneous abortion: Incomplete, complicated by delayed or excessive haemorrhage",,
OBGY06A,MVA/EOU,O03.2,"Spontaneous abortion: Incomplete, complicated by embolism",,
OBGY06A,MVA/EOU,O03.32,Renal failure following incomplete spontaneous abortion,,
OBGY06A,MVA/EOU,O03.37,Sepsis following incomplete spontaneous abortion,,
OBGY06A,MVA/EOU,O03.39,Incomplete spontaneous abortion with other complications,,
OBGY06A,MVA/EOU,O03.4,"Spontaneous abortion: Incomplete, without complication",,
OBGY06A,MVA/EOU,O04.0,"Medical abortion: Incomplete, complicated by genital tract and pelvic infection",,
OBGY07A,Suction Curettage,O02.0,Blighted ovum and nonhydatidiform mole,,
OBGY08A,Manual Removal of Placenta,O72.1,Other immediate postpartum haemorrhage,,
OBGY09A,Expectant management/Medical Treatment in Obstetrics and Gynaecology,D26.9,"Other benign neoplasm: Uterus, unspecified",,
OBGY09A,Expectant management/Medical Treatment in Obstetrics and Gynaecology,N72.00,Inflammatory disease of cervix uteri,,
OBGY09A,Expectant management/Medical Treatment in Obstetrics and Gynaecology,N73.9,"Female pelvic inflammatory disease, unspecified",,
OBGY09A,Expectant management/Medical Treatment in Obstetrics and Gynaecology,N95.1,Menopausal and female climacteric states,,
OBGY09A,Expectant management/Medical Treatment in Obstetrics and Gynaecology,O13.00,Gestational [pregnancy-induced] hypertension without significant proteinuria,,
OBGY09A,Expectant management/Medical Treatment in Obstetrics and Gynaecology,O20.0,Threatened abortion,,
OBGY09A,Expectant management/Medical Treatment in Obstetrics and Gynaecology,O25.00,Malnutrition in pregnancy,,
OBGY09A,Expectant management/Medical Treatment in Obstetrics and Gynaecology,O74.9,"Complication of anaesthesia during labour and delivery, unspecified",,
OBGY09A,Expectant management/Medical Treatment in Obstetrics and Gynaecology,O85.00,Puerperal sepsis,,
OBGY09A,Expectant management/Medical Treatment in Obstetrics and Gynaecology,O86.11,Cervicitis following delivery,,
OBGY09A,Expectant management/Medical Treatment in Obstetrics and Gynaecology,O86.89,Other specified puerperal infections,,
OBGY09A,Expectant management/Medical Treatment in Obstetrics and Gynaecology,R10.2,Pelvic and perineal pain,,
OBGY10A,Marsupialization of Batholin's gland,N75.9,"Disease of Bartholin gland, unspecified",,
OBGY10A,Marsupialization of Batholin's gland,O72.1,Other immediate postpartum haemorrhage,,
OBGY11A,Excision of genital lesions,N75.9,"Disease of Bartholin gland, unspecified",,
OBGY12A,Incision and drainage in Gynaecology Cases,N75.9,"Disease of Bartholin gland, unspecified",,
OBGY12A,Incision and drainage in Gynaecology Cases,N89.9,"Noninflammatory disorder of vagina, unspecified",,
OBGY12A,Incision and drainage in Gynaecology Cases,N90.9,"Noninflammatory disorder of vulva and perineum, unspecified",,
OBGY12A,Incision and drainage in Gynaecology Cases,O71.9,"Obstetric trauma, unspecified",,
OBGY12A,Incision and drainage in Gynaecology Cases,O90.9,"Complication of the puerperium, unspecified",,
OBGY13A,Pelvic Floor Repair - Simple,N81.6,Rectocele,,
OBGY13A,Pelvic Floor Repair - Simple,N81.9,"Female genital prolapse, unspecified",,
OBGY14A,Vaginal Hysterectomy,D25.9,"Leiomyoma of uterus, unspecified",,
OBGY14A,Vaginal Hysterectomy,D26.9,"Other benign neoplasm: Uterus, unspecified",,
OBGY15A,Repair of Enterocele,N81.5,Vaginal enterocele,,
OBGY16A,Vaginal Pessary Insertion,N81.9,"Female genital prolapse, unspecified",,
OBGY17A,Colpocleisis,N81.9,"Female genital prolapse, unspecified",,
OBGY18A,Fistula Repair - Simple,N82.0,Vesicovaginal fistula,,
OBGY19A,Fistula Repair - Complex,N82.3,Fistula of vagina to large intestine,,
OBGY20A,Abdominal Hysterectomy,D25.9,"Leiomyoma of uterus, unspecified",,
OBGY20A,Abdominal Hysterectomy,D26.9,"Other benign neoplasm: Uterus, unspecified",,
OBGY20A,Abdominal Hysterectomy,D27.00,Benign neoplasm of ovary,,
OBGY20A,Abdominal Hysterectomy,N80.9,"Endometriosis, unspecified",,
OBGY20A,Abdominal Hysterectomy,N81.9,"Female genital prolapse, unspecified",,
OBGY21A,Perineal repair - Complex,O71.5,Other obstetric injury to pelvic organs,,
OBGY21A,Perineal repair - Complex,O71.9,"Obstetric trauma, unspecified",,
OBGY21A,Perineal repair - Complex,O72.1,Other immediate postpartum haemorrhage,,
OBGY21A,Perineal repair - Complex,O90.9,"Complication of the puerperium, unspecified",,
OBGY22A,Pelvic Floor Repair - Complex,N81.6,Rectocele,,
OBGY23A,Colposcopy and Biopsy,C53.8,Malignant neoplasm: Overlapping lesion of cervix uteri,,
OBGY23A,Colposcopy and Biopsy,C53.9,"Malignant neoplasm: Cervix uteri, unspecified",,
OBGY23A,Colposcopy and Biopsy,N93.9,"Abnormal uterine and vaginal bleeding, unspecified",,
OBGY24A,Partial Vaginectomy,,,,
OBGY25A,Polypectomy (Avulsion),,,,
OBGY26A,Hysteroscopy,D36.9,Benign neoplasm: Benign neoplasm of unspecified site,,
OBGY26A,Hysteroscopy,N92.0,Excessive and frequent menstruation with regular cycle,,
OBGY26A,Hysteroscopy,N92.1,Excessive and frequent menstruation with irregular cycle,,
OBGY26A,Hysteroscopy,N93.9,"Abnormal uterine and vaginal bleeding, unspecified",,
OBGY27A,Correction of Malposition of Uterus,N85.4,Malposition of uterus,,
OBGY27A,Correction of Malposition of Uterus,N85.5,Inversion of uterus,,
OBGY28A,Vulvectomy,,,,
OBGY29A,Instrumental delivery,P95.00,Fetal death of unspecified cause,,
OBGY30A,Internal Podalic Version with Breech Extraction,,,,
OBGY31A,Destructive Delivery,P95.00,Fetal death of unspecified cause,,
OBGY32A,Caesarean Section,O33.9,"Maternal care for disproportion, unspecified",,
OBGY32A,Caesarean Section,O48.00,Prolonged pregnancy,,
OBGY32A,Caesarean Section,O62.9,"Abnormality of forces of labour, unspecified",,
OBGY32A,Caesarean Section,O66.9,"Obstructed labour, unspecified",,
OBGY32A,Caesarean Section,O67.9,"Intrapartum haemorrhage, unspecified",,
OBGY34A,Spontaneous Vaginal Delivery with or without Episiotomy,O63.1,Prolonged second stage (of labour),,
OBGY35A,Cervical Cerclage suture,D26.9,"Other benign neoplasm: Uterus, unspecified",,
OBGY35A,Cervical Cerclage suture,N88.3,Incompetence of cervix uteri,,
OBGY36A,Myomectomy,D25.9,"Leiomyoma of uterus, unspecified",,
OBGY36A,Myomectomy,D26.9,"Other benign neoplasm: Uterus, unspecified",,
OBGY36A,Myomectomy,O80.9,"Single spontaneous delivery, unspecified",,
OBGY38A,Post Partum Haemorrhage,,,,
OBGY39A,Wertheim's Operation,,,,
OBGY40A,Eclampsia,,,,
OPDC01A,Orthopaedic Surgery-Adult,,,,
OPDC01C,Orthopaedic Surgery-Child,,,,
OPDC02A,Antenatal/Postnatal,,,,
OPDC03A,Dental Adult (without procedure),,,,
OPDC03C,Dental Child (without procedure),,,,
OPDC04A,ENT Adult (without procedure),,,,
OPDC04C,ENT Child (without procedure),,,,
OPDC05A,Eye Adult (without procedure),,,,
OPDC05C,Eye Child (without procedure),,,,
OPDC06A,General OPD - Adult,,,,
OPDC06C,General OPD - Child,,,,
OPDC07A,Medical (Adult),,,,
OPDC08A,Gynaecology,,,,
OPDC09C,Paediatric Surgery,,,,
OPDC10C,Paediatrics,,,,
OPDC11A,Unbundled Consultation - Adult,,,,
OPDC11C,Unbundled Consultation - Child,,,,
OPDC12A,Surgery (General & Reconstructive) - Adult,,,,
OPDC13A,Physiotherapy-Adult,,,,
OPDC13C,Physiotherapy-Child,,,,
OPDC14A,Capitation OPD -Adult,,,,
OPDC14C,Capitation OPD -Child,,,,
OPHT01A,Enucleation >=12 Yrs,,,,
OPHT01A,Exophthalmic Conditions,,,,
OPHT01C,Enucleation <12 Yrs,,,,
OPHT02A,Evisceration >=12 Yrs,,,,
OPHT02A,Purulent Endophthalmitis,,,,
OPHT02C,Evisceration <12 Yrs,,,,
OPHT03A,Removal of superficial foreign body >=12 Yrs,,,,
OPHT03A,Foreign Body On External Eye,,,,
OPHT03C,Removal of superficial foreign body <12 Yrs,,,,
OPHT04A,Removal of intraocular foreign body >=12 Yrs,,,,
OPHT04A,Penetrating Wound Of Eyeball With Foreign Body,,,,
OPHT04C,Removal of intraocular foreign body <12 Yrs,,,,
OPHT05A,Removal of intraorbital foreign body >=12 Yrs,,,,
OPHT05A,Penetrating Wound Of Orbit With Or Without Foreign Body,,,,
OPHT05C,Removal of intraorbital foreign body <12 Yrs,,,,
OPHT06A,Eyelid surgery >=12 Yrs,Q10.0,Congenital ptosis,,
OPHT06A,Open Wound Of Eyelid And Periocular Area,Q10.0,Congenital ptosis,,
OPHT06C,Eyelid surgery <12 Yrs,Q10.0,Congenital ptosis,,
OPHT07A,Scleral and Corneal surgery >=12 Yrs,,,,
OPHT07A,Pterygium,,,,
OPHT07C,Scleral and Corneal surgery <12 Yrs,,,,
OPHT08A,Anterior chamber washout >=12 Yrs,,,,
OPHT08A,Hyphaema,,,,
OPHT08C,Anterior chamber washout <12 Yrs,,,,
OPHT09A,Glaucoma surgery >=12 Yrs,H40.9,"Glaucoma, unspecified",,
OPHT09A,Glaucoma,H40.9,"Glaucoma, unspecified",,
OPHT09C,Glaucoma surgery <12 Yrs,H40.9,"Glaucoma, unspecified",,
OPHT10A,Cataract surgery >=12 Yrs,H26.9,"Cataract, unspecified",,
OPHT10A,Cataract,H26.9,"Cataract, unspecified",,
OPHT10C,Cataract surgery <12 Yrs,H26.9,"Cataract, unspecified",,
OPHT11A,Strabismus surgery >=12 Yrs,H50.9,"Strabismus, unspecified",,
OPHT11A,All Strabismus,H50.9,"Strabismus, unspecified",,
OPHT11C,Strabismus surgery <12 Yrs,H50.9,"Strabismus, unspecified",,
OPHT12A,Incision and curettage of eyelid >=12 Yrs,,,,
OPHT12A,Chalazion,,,,
OPHT12C,Incision and curettage of eyelid <12 Yrs,,,,
OPHT13A,Reconstructive surgery of eyelid >=12 Yrs,Q10.0,Congenital ptosis,,
OPHT13A,Keratoconjunctivitis,Q10.0,Congenital ptosis,,
OPHT13C,Reconstructive surgery of eyelid <12 Yrs,Q10.0,Congenital ptosis,,
OPHT14A,Nasolacrimal drainage system surgery >=12 Yrs,,,,
OPHT14A,Stenosis And Insufficiency Of Lacrimal Passages,,,,
OPHT14C,Nasolacrimal drainage system surgery <12 Yrs,,,,
OPHT15A,Incision and drainage of abscesses >=12 Yrs,,,,
OPHT15A,Acute Inflammation Of Orbit (Orbital Abscess),,,,
OPHT15C,Incision and drainage of abscesses <12 Yrs,,,,
OPHT16A,Examination under anaesthesia >=12 Yrs,H52.7,"Disorder of refraction, unspecified",,
OPHT16A,Disorders Of Refraction And Accommodation,H52.7,"Disorder of refraction, unspecified",,
OPHT16C,Examination under anaesthesia <12 Yrs,H52.7,"Disorder of refraction, unspecified",,
OPHT17A,Uveitis Management,,,,
OPHT18A,Cataract Surgery with Implants >=12 Yrs,H26.9,"Cataract, unspecified",,
ORTH01A,Bandaging/Cast (POP Application) >=12 Yrs,,,,
ORTH01A,"Dislocation, Sprain And Strain Of Unspecified Body Region",,,,
ORTH01C,Bandaging/Cast (POP Application) <12 Yrs,,,,
ORTH02A,Bone Biopsy >=12 Yrs,,,,
ORTH02A,Malignant Neoplasm Of Bone And Articular Cartilage,,,,
ORTH02C,Bone Biopsy <12 Yrs,C41.9,"Malignant neoplasm: Bone and articular cartilage, unspecified",,
ORTH03A,Bone Graft >=12 Yrs,M84.1,Nonunion of fracture [pseudarthrosis],,
ORTH03A,Disorders Of Bone Density And Structure(Bone Loss),M84.1,Nonunion of fracture [pseudarthrosis],,
ORTH03C,Bone Graft <12 Yrs,M84.1,Nonunion of fracture [pseudarthrosis],,
ORTH04A,Closed Reduction and Splintage of Fractures and Joints >=12 Yrs,S22.0,Fracture of thoracic vertebra,,
ORTH04A,Fracture Of Unspecified Body Region,S22.0,Fracture of thoracic vertebra,,
ORTH04A,Closed Reduction and Splintage of Fractures and Joints >=12 Yrs,S22.1,Multiple fractures of thoracic spine,,
ORTH04A,Fracture Of Unspecified Body Region,S22.1,Multiple fractures of thoracic spine,,
ORTH04A,Closed Reduction and Splintage of Fractures and Joints >=12 Yrs,S32.0,Fracture of lumbar vertebra,,
ORTH04A,Fracture Of Unspecified Body Region,S32.0,Fracture of lumbar vertebra,,
ORTH04A,Closed Reduction and Splintage of Fractures and Joints >=12 Yrs,S32.1,Fracture of sacrum,,
ORTH04A,Fracture Of Unspecified Body Region,S32.1,Fracture of sacrum,,
ORTH04A,Closed Reduction and Splintage of Fractures and Joints >=12 Yrs,S32.2,Fracture of coccyx,,
ORTH04A,Fracture Of Unspecified Body Region,S32.2,Fracture of coccyx,,
ORTH04A,Closed Reduction and Splintage of Fractures and Joints >=12 Yrs,S42.2,Fracture of upper end of humerus,,
ORTH04A,Fracture Of Unspecified Body Region,S42.2,Fracture of upper end of humerus,,
ORTH04A,Closed Reduction and Splintage of Fractures and Joints >=12 Yrs,S42.7,"Multiple fractures of clavicle, scapula and humerus",,
ORTH04A,Fracture Of Unspecified Body Region,S42.7,"Multiple fractures of clavicle, scapula and humerus",,
ORTH04A,Closed Reduction and Splintage of Fractures and Joints >=12 Yrs,S52.5,Fracture of lower end of radius,,
ORTH04A,Fracture Of Unspecified Body Region,S52.5,Fracture of lower end of radius,,
ORTH04A,Closed Reduction and Splintage of Fractures and Joints >=12 Yrs,S52.6,Fracture of lower end of both ulna and radius,,
ORTH04A,Fracture Of Unspecified Body Region,S52.6,Fracture of lower end of both ulna and radius,,
ORTH04A,Closed Reduction and Splintage of Fractures and Joints >=12 Yrs,T14.2,Fracture of unspecified body region,,
ORTH04A,Fracture Of Unspecified Body Region,T14.2,Fracture of unspecified body region,,
ORTH04A,Closed Reduction and Splintage of Fractures and Joints >=12 Yrs,T14.3,"Dislocation, sprain and strain of unspecified body region",,
ORTH04A,Fracture Of Unspecified Body Region,T14.3,"Dislocation, sprain and strain of unspecified body region",,
ORTH04C,Closed Reduction and Splintage of Fractures and Joints <12 Yrs,S22.0,Fracture of thoracic vertebra,,
ORTH04C,Closed Reduction and Splintage of Fractures and Joints <12 Yrs,S22.1,Multiple fractures of thoracic spine,,
ORTH04C,Closed Reduction and Splintage of Fractures and Joints <12 Yrs,S32.0,Fracture of lumbar vertebra,,
ORTH04C,Closed Reduction and Splintage of Fractures and Joints <12 Yrs,S32.1,Fracture of sacrum,,
ORTH04C,Closed Reduction and Splintage of Fractures and Joints <12 Yrs,S32.2,Fracture of coccyx,,
ORTH04C,Closed Reduction and Splintage of Fractures and Joints <12 Yrs,S42.2,Fracture of upper end of humerus,,
ORTH04C,Closed Reduction and Splintage of Fractures and Joints <12 Yrs,S42.7,"Multiple fractures of clavicle, scapula and humerus",,
ORTH04C,Closed Reduction and Splintage of Fractures and Joints <12 Yrs,S52.5,Fracture of lower end of radius,,
ORTH04C,Closed Reduction and Splintage of Fractures and Joints <12 Yrs,S52.6,Fracture of lower end of both ulna and radius,,
ORTH04C,Closed Reduction and Splintage of Fractures and Joints <12 Yrs,T14.2,Fracture of unspecified body region,,
ORTH04C,Closed Reduction and Splintage of Fractures and Joints <12 Yrs,T14.3,"Dislocation, sprain and strain of unspecified body region",,
ORTH05A,Debridement and Suturing >=12 Yrs,L08.9,"Local infection of skin and subcutaneous tissue, unspecified",,
ORTH05A,Open Wound Of Unspecified Body Region,L08.9,"Local infection of skin and subcutaneous tissue, unspecified",,
ORTH05A,Debridement and Suturing >=12 Yrs,T14.1,Open wound of unspecified body region,,
ORTH05A,Open Wound Of Unspecified Body Region,T14.1,Open wound of unspecified body region,,
ORTH05A,Debridement and Suturing >=12 Yrs,T14.3,"Dislocation, sprain and strain of unspecified body region",,
ORTH05A,Open Wound Of Unspecified Body Region,T14.3,"Dislocation, sprain and strain of unspecified body region",,
ORTH05C,Debridement and Suturing <12 Yrs,L08.9,"Local infection of skin and subcutaneous tissue, unspecified",,
ORTH05C,Debridement and Suturing <12 Yrs,T14.1,Open wound of unspecified body region,,
ORTH05C,Debridement and Suturing <12 Yrs,T14.3,"Dislocation, sprain and strain of unspecified body region",,
ORTH07A,Excision of Soft Tissue Lumps >=12 Yrs,D17.9,"Benign lipomatous neoplasm, unspecified",,
ORTH07A,Lipoma,D17.9,"Benign lipomatous neoplasm, unspecified",,
ORTH07A,Excision of Soft Tissue Lumps >=12 Yrs,R22.9,"Localized swelling, mass and lump, unspecified",,
ORTH07A,Lipoma,R22.9,"Localized swelling, mass and lump, unspecified",,
ORTH07C,Excision of Soft Tissue Lumps <12 Yrs,D17.9,"Benign lipomatous neoplasm, unspecified",,
ORTH07C,Excision of Soft Tissue Lumps <12 Yrs,R22.9,"Localized swelling, mass and lump, unspecified",,
ORTH08A,External Fixation >=12 Yrs,C41.9,"Malignant neoplasm: Bone and articular cartilage, unspecified",,
ORTH08A,Fracture Of Unspecified Body Region,C41.9,"Malignant neoplasm: Bone and articular cartilage, unspecified",,
ORTH08A,External Fixation >=12 Yrs,S32.7,Multiple fractures of lumbar spine and pelvis,,
ORTH08A,Fracture Of Unspecified Body Region,S32.7,Multiple fractures of lumbar spine and pelvis,,
ORTH08A,External Fixation >=12 Yrs,S42.3,Fracture of shaft of humerus,,
ORTH08A,Fracture Of Unspecified Body Region,S42.3,Fracture of shaft of humerus,,
ORTH08A,External Fixation >=12 Yrs,S42.4,Fracture of lower end of humerus,,
ORTH08A,Fracture Of Unspecified Body Region,S42.4,Fracture of lower end of humerus,,
ORTH08A,External Fixation >=12 Yrs,S62.6,Fracture of other finger,,
ORTH08A,Fracture Of Unspecified Body Region,S62.6,Fracture of other finger,,
ORTH08A,External Fixation >=12 Yrs,T02.9,"Multiple fractures, unspecified",,
ORTH08A,Fracture Of Unspecified Body Region,T02.9,"Multiple fractures, unspecified",,
ORTH08A,External Fixation >=12 Yrs,T14.2,Fracture of unspecified body region,,
ORTH08A,Fracture Of Unspecified Body Region,T14.2,Fracture of unspecified body region,,
ORTH08C,External Fixation <12 Yrs,C41.9,"Malignant neoplasm: Bone and articular cartilage, unspecified",,
ORTH08C,External Fixation <12 Yrs,S32.7,Multiple fractures of lumbar spine and pelvis,,
ORTH08C,External Fixation <12 Yrs,S42.3,Fracture of shaft of humerus,,
ORTH08C,External Fixation <12 Yrs,S42.4,Fracture of lower end of humerus,,
ORTH08C,External Fixation <12 Yrs,S62.6,Fracture of other finger,,
ORTH08C,External Fixation <12 Yrs,T02.9,"Multiple fractures, unspecified",,
ORTH08C,External Fixation <12 Yrs,T14.2,Fracture of unspecified body region,,
ORTH09A,Fasciotomy >=12 Yrs,L08.9,"Local infection of skin and subcutaneous tissue, unspecified",,
ORTH09A,Traumatic Ischaemia Of Muscle,L08.9,"Local infection of skin and subcutaneous tissue, unspecified",,
ORTH09A,Fasciotomy >=12 Yrs,T14.1,Open wound of unspecified body region,,
ORTH09A,Traumatic Ischaemia Of Muscle,T14.1,Open wound of unspecified body region,,
ORTH09A,Fasciotomy >=12 Yrs,T14.2,Fracture of unspecified body region,,
ORTH09A,Traumatic Ischaemia Of Muscle,T14.2,Fracture of unspecified body region,,
ORTH09A,Fasciotomy >=12 Yrs,T14.7,Crushing injury and traumatic amputation of unspecified body region,,
ORTH09A,Traumatic Ischaemia Of Muscle,T14.7,Crushing injury and traumatic amputation of unspecified body region,,
ORTH09A,Fasciotomy >=12 Yrs,T30.0,"Burn of unspecified body region, unspecified degree",,
ORTH09A,Traumatic Ischaemia Of Muscle,T30.0,"Burn of unspecified body region, unspecified degree",,
ORTH09C,Fasciotomy <12 Yrs,L08.9,"Local infection of skin and subcutaneous tissue, unspecified",,
ORTH09C,Fasciotomy <12 Yrs,T14.1,Open wound of unspecified body region,,
ORTH09C,Fasciotomy <12 Yrs,T14.2,Fracture of unspecified body region,,
ORTH09C,Fasciotomy <12 Yrs,T14.7,Crushing injury and traumatic amputation of unspecified body region,,
ORTH09C,Fasciotomy <12 Yrs,T30.0,"Burn of unspecified body region, unspecified degree",,
ORTH10A,Hemi-Arthroplasty >=12 Yrs,,,,
ORTH10A,Fracture Of Neck Of Femur,,,,
ORTH10C,Hemi-Arthroplasty <12 Yrs,,,,
ORTH11A,Incision and Drainage of Abscesses >=12 Yrs,T14.0,Superficial injury of unspecified body region,,
ORTH11A,Cutaneous Abscess,T14.0,Superficial injury of unspecified body region,,
ORTH11C,Incision and Drainage of Abscesses < 12 Yrs,T14.0,Superficial injury of unspecified body region,,
ORTH12A,Internal Fixation of Fractures >=12 Yrs,M84.1,Nonunion of fracture [pseudarthrosis],,
ORTH12A,Fracture Of Unspecified Body Region,M84.1,Nonunion of fracture [pseudarthrosis],,
ORTH12A,Internal Fixation of Fractures >=12 Yrs,S52.0,Fracture of upper end of ulna,,
ORTH12A,Fracture Of Unspecified Body Region,S52.0,Fracture of upper end of ulna,,
ORTH12A,Internal Fixation of Fractures >=12 Yrs,S52.2,Fracture of shaft of ulna,,
ORTH12A,Fracture Of Unspecified Body Region,S52.2,Fracture of shaft of ulna,,
ORTH12A,Internal Fixation of Fractures >=12 Yrs,T14.2,Fracture of unspecified body region,,
ORTH12A,Fracture Of Unspecified Body Region,T14.2,Fracture of unspecified body region,,
ORTH12C,Internal Fixation of Fractures <12 Yrs,M84.1,Nonunion of fracture [pseudarthrosis],,
ORTH12C,Internal Fixation of Fractures <12 Yrs,S52.0,Fracture of upper end of ulna,,
ORTH12C,Internal Fixation of Fractures <12 Yrs,S52.2,Fracture of shaft of ulna,,
ORTH12C,Internal Fixation of Fractures <12 Yrs,T14.2,Fracture of unspecified body region,,
ORTH14A,Major Surgery of Joints >=12 Yrs,D16.6,Benign neoplasm: Vertebral column,,
ORTH14A,Pyogenic Arthritis,D16.6,Benign neoplasm: Vertebral column,,
ORTH14A,Major Surgery of Joints >=12 Yrs,M00.9,"Pyogenic arthritis, unspecified",,
ORTH14A,Pyogenic Arthritis,M00.9,"Pyogenic arthritis, unspecified",,
ORTH14A,Major Surgery of Joints >=12 Yrs,M01.1,Tb Arthirtis,,
ORTH14A,Pyogenic Arthritis,M01.1,Tb Arthirtis,,
ORTH14A,Major Surgery of Joints >=12 Yrs,M06.9,"Rheumatoid arthritis, unspecified",,
ORTH14A,Pyogenic Arthritis,M06.9,"Rheumatoid arthritis, unspecified",,
ORTH14A,Major Surgery of Joints >=12 Yrs,M13.9,"Arthritis, unspecified",,
ORTH14A,Pyogenic Arthritis,M13.9,"Arthritis, unspecified",,
ORTH14C,Major Surgery of Joints <12 Yrs,D16.6,Benign neoplasm: Vertebral column,,
ORTH14C,Major Surgery of Joints <12 Yrs,M00.9,"Pyogenic arthritis, unspecified",,
ORTH14C,Major Surgery of Joints <12 Yrs,M01.1,Tb Arthirtis,,
ORTH14C,Major Surgery of Joints <12 Yrs,M06.9,"Rheumatoid arthritis, unspecified",,
ORTH14C,Major Surgery of Joints <12 Yrs,M13.9,"Arthritis, unspecified",,
ORTH15A,Minor Surgery of Joints >=12 Yrs,M00.9,"Pyogenic arthritis, unspecified",,
ORTH15A,Haemarthrosis,M00.9,"Pyogenic arthritis, unspecified",,
ORTH15A,Minor Surgery of Joints >=12 Yrs,M11.9,"Crystal arthropathy, unspecified",,
ORTH15A,Haemarthrosis,M11.9,"Crystal arthropathy, unspecified",,
ORTH15A,Minor Surgery of Joints >=12 Yrs,M13.9,"Arthritis, unspecified",,
ORTH15A,Haemarthrosis,M13.9,"Arthritis, unspecified",,
ORTH15C,Minor Surgery of Joints <12 Yrs,M00.9,"Pyogenic arthritis, unspecified",,
ORTH15C,Minor Surgery of Joints <12 Yrs,M11.9,"Crystal arthropathy, unspecified",,
ORTH15C,Minor Surgery of Joints <12 Yrs,M13.9,"Arthritis, unspecified",,
ORTH16A,Nail Avulsion >=12 Yrs,L60.0,Ingrowing nail,,
ORTH16A,Superficial Injury Of Wrist And Hand,L60.0,Ingrowing nail,,
ORTH16A,Nail Avulsion >=12 Yrs,S60.9,"Superficial injury of wrist and hand, unspecified",,
ORTH16A,Superficial Injury Of Wrist And Hand,S60.9,"Superficial injury of wrist and hand, unspecified",,
ORTH16C,Nail Avulsion <12 Yrs,L60.0,Ingrowing nail,,
ORTH16C,Nail Avulsion <12 Yrs,S60.9,"Superficial injury of wrist and hand, unspecified",,
ORTH17A,Open Reduction and Internal Fixation >=12 Yrs,M84.0,Malunion of fracture,,
ORTH17A,Dislocation Of Shoulder Joint,M84.0,Malunion of fracture,,
ORTH17A,Open Reduction and Internal Fixation >=12 Yrs,P11.5,Birth injury to spine and spinal cord,,
ORTH17A,Dislocation Of Shoulder Joint,P11.5,Birth injury to spine and spinal cord,,
ORTH17A,Open Reduction and Internal Fixation >=12 Yrs,S22.0,Fracture of thoracic vertebra,,
ORTH17A,Dislocation Of Shoulder Joint,S22.0,Fracture of thoracic vertebra,,
ORTH17A,Open Reduction and Internal Fixation >=12 Yrs,S22.1,Multiple fractures of thoracic spine,,
ORTH17A,Dislocation Of Shoulder Joint,S22.1,Multiple fractures of thoracic spine,,
ORTH17A,Open Reduction and Internal Fixation >=12 Yrs,S32.0,Fracture of lumbar vertebra,,
ORTH17A,Dislocation Of Shoulder Joint,S32.0,Fracture of lumbar vertebra,,
ORTH17A,Open Reduction and Internal Fixation >=12 Yrs,S32.1,Fracture of sacrum,,
ORTH17A,Dislocation Of Shoulder Joint,S32.1,Fracture of sacrum,,
ORTH17A,Open Reduction and Internal Fixation >=12 Yrs,S32.2,Fracture of coccyx,,
ORTH17A,Dislocation Of Shoulder Joint,S32.2,Fracture of coccyx,,
ORTH17A,Open Reduction and Internal Fixation >=12 Yrs,S42.2,Fracture of upper end of humerus,,
ORTH17A,Dislocation Of Shoulder Joint,S42.2,Fracture of upper end of humerus,,
ORTH17A,Open Reduction and Internal Fixation >=12 Yrs,S42.3,Fracture of shaft of humerus,,
ORTH17A,Dislocation Of Shoulder Joint,S42.3,Fracture of shaft of humerus,,
ORTH17A,Open Reduction and Internal Fixation >=12 Yrs,S42.7,"Multiple fractures of clavicle, scapula and humerus",,
ORTH17A,Dislocation Of Shoulder Joint,S42.7,"Multiple fractures of clavicle, scapula and humerus",,
ORTH17A,Open Reduction and Internal Fixation >=12 Yrs,S43.0,Dislocation of shoulder joint,,
ORTH17A,Dislocation Of Shoulder Joint,S43.0,Dislocation of shoulder joint,,
ORTH17A,Open Reduction and Internal Fixation >=12 Yrs,S52.2,Fracture of shaft of ulna,,
ORTH17A,Dislocation Of Shoulder Joint,S52.2,Fracture of shaft of ulna,,
ORTH17A,Open Reduction and Internal Fixation >=12 Yrs,S52.5,Fracture of lower end of radius,,
ORTH17A,Dislocation Of Shoulder Joint,S52.5,Fracture of lower end of radius,,
ORTH17A,Open Reduction and Internal Fixation >=12 Yrs,S52.6,Fracture of lower end of both ulna and radius,,
ORTH17A,Dislocation Of Shoulder Joint,S52.6,Fracture of lower end of both ulna and radius,,
ORTH17A,Open Reduction and Internal Fixation >=12 Yrs,S52.8,Fracture of other parts of forearm,,
ORTH17A,Dislocation Of Shoulder Joint,S52.8,Fracture of other parts of forearm,,
ORTH17C,Open Reduction and Internal Fixation <12 Yrs,M84.0,Malunion of fracture,,
ORTH17C,Open Reduction and Internal Fixation <12 Yrs,P11.5,Birth injury to spine and spinal cord,,
ORTH17C,Open Reduction and Internal Fixation <12 Yrs,S22.0,Fracture of thoracic vertebra,,
ORTH17C,Open Reduction and Internal Fixation <12 Yrs,S22.1,Multiple fractures of thoracic spine,,
ORTH17C,Open Reduction and Internal Fixation <12 Yrs,S32.0,Fracture of lumbar vertebra,,
ORTH17C,Open Reduction and Internal Fixation <12 Yrs,S32.1,Fracture of sacrum,,
ORTH17C,Open Reduction and Internal Fixation <12 Yrs,S32.2,Fracture of coccyx,,
ORTH17C,Open Reduction and Internal Fixation <12 Yrs,S42.2,Fracture of upper end of humerus,,
ORTH17C,Open Reduction and Internal Fixation <12 Yrs,S42.3,Fracture of shaft of humerus,,
ORTH17C,Open Reduction and Internal Fixation <12 Yrs,S42.7,"Multiple fractures of clavicle, scapula and humerus",,
ORTH17C,Open Reduction and Internal Fixation <12 Yrs,S43.0,Dislocation of shoulder joint,,
ORTH17C,Open Reduction and Internal Fixation <12 Yrs,S52.2,Fracture of shaft of ulna,,
ORTH17C,Open Reduction and Internal Fixation <12 Yrs,S52.5,Fracture of lower end of radius,,
ORTH17C,Open Reduction and Internal Fixation <12 Yrs,S52.6,Fracture of lower end of both ulna and radius,,
ORTH17C,Open Reduction and Internal Fixation <12 Yrs,S52.8,Fracture of other parts of forearm,,
ORTH18A,Osteotomy >=12 Yrs,M95.9,"Acquired deformity of musculoskeletal system, unspecified",,
ORTH18A,Other Acquired Deformity Of Musculoskeletal System,M95.9,"Acquired deformity of musculoskeletal system, unspecified",,
ORTH18A,Osteotomy >=12 Yrs,Q68.8,Other specified congenital musculoskeletal deformities,,
ORTH18A,Other Acquired Deformity Of Musculoskeletal System,Q68.8,Other specified congenital musculoskeletal deformities,,
ORTH18C,Osteotomy <12 Yrs,M95.9,"Acquired deformity of musculoskeletal system, unspecified",,
ORTH18C,Osteotomy <12 Yrs,Q68.8,Other specified congenital musculoskeletal deformities,,
ORTH19A,Skin Traction >=12 Yrs,Q68.8,Other specified congenital musculoskeletal deformities,,
ORTH19A,Dislocation Of Hip,Q68.8,Other specified congenital musculoskeletal deformities,,
ORTH19C,Skin Traction < 12 Yrs,Q68.8,Other specified congenital musculoskeletal deformities,,
ORTH20A,Surgery for Infected Bone >=12 Yrs,B99.00,Other and unspecified infectious diseases,,
ORTH20A,Osteomyelitis,B99.00,Other and unspecified infectious diseases,,
ORTH20C,Surgery for Infected Bone <12 Yrs,B99.00,Other and unspecified infectious diseases,,
ORTH22A,Synovectomy >=12 Yrs,M01.1,Tb Arthirtis,,
ORTH22A,Rheumatoid Arthritis,M01.1,Tb Arthirtis,,
ORTH22A,Synovectomy >=12 Yrs,M06.9,"Rheumatoid arthritis, unspecified",,
ORTH22A,Rheumatoid Arthritis,M06.9,"Rheumatoid arthritis, unspecified",,
ORTH22C,Synovectomy <12 Yrs,M01.1,Tb Arthirtis,,
ORTH22C,Synovectomy <12 Yrs,M06.9,"Rheumatoid arthritis, unspecified",,
ORTH23A,Tendon Surgery >=12 Yrs,M06.9,"Rheumatoid arthritis, unspecified",,
ORTH23A,Contracture Of Joints Eg. Hammertoes,M06.9,"Rheumatoid arthritis, unspecified",,
ORTH23A,Tendon Surgery >=12 Yrs,T14.6,Injury of muscles and tendons of unspecified body region,,
ORTH23A,Contracture Of Joints Eg. Hammertoes,T14.6,Injury of muscles and tendons of unspecified body region,,
ORTH23C,Tendon Surgery <12 Yrs,M06.9,"Rheumatoid arthritis, unspecified",,
ORTH23C,Tendon Surgery <12 Yrs,T14.6,Injury of muscles and tendons of unspecified body region,,
ORTH24A,Head injury/spinal injury >=12 Yrs,S09.0,"Injury of blood vessels of head, not elsewhere classified",,
ORTH24A,Superficial Injury Of Head,S09.0,"Injury of blood vessels of head, not elsewhere classified",,
ORTH24A,Head injury/spinal injury >=12 Yrs,T08.00,"Fracture of spine, level unspecified",,
ORTH24A,Superficial Injury Of Head,T08.00,"Fracture of spine, level unspecified",,
ORTH24A,Head injury/spinal injury >=12 Yrs,T09.0,"Superficial injury of trunk, level unspecified",,
ORTH24A,Superficial Injury Of Head,T09.0,"Superficial injury of trunk, level unspecified",,
ORTH24C,Head injury/spinal injury <12 Yrs,T08.00,"Fracture of spine, level unspecified",,
ORTH25A,Surgery for removal of finger/toe >=12 Yrs,D48.7,Neoplasm of uncertain or unknown behaviour: Other specified sites,,
ORTH25A,Unspecified Diabetes Mellitus With Peripheral Circulatory Complications,D48.7,Neoplasm of uncertain or unknown behaviour: Other specified sites,,
ORTH25A,Surgery for removal of finger/toe >=12 Yrs,E14.5,Unspecified diabetes mellitus: With peripheral circulatory complications,,
ORTH25A,Unspecified Diabetes Mellitus With Peripheral Circulatory Complications,E14.5,Unspecified diabetes mellitus: With peripheral circulatory complications,,
ORTH25A,Surgery for removal of finger/toe >=12 Yrs,N49.3,Gangrene,,
ORTH25A,Unspecified Diabetes Mellitus With Peripheral Circulatory Complications,N49.3,Gangrene,,
ORTH25C,Surgery for removal of finger/toe <12 Yrs,D48.7,Neoplasm of uncertain or unknown behaviour: Other specified sites,,
ORTH25C,Surgery for removal of finger/toe <12 Yrs,E14.5,Unspecified diabetes mellitus: With peripheral circulatory complications,,
ORTH25C,Surgery for removal of finger/toe <12 Yrs,N49.3,Gangrene,,
ORTH26A,Surgery for amputation of hand/foot (through or below ankle/wrist joint) >=12 Yrs,D48.7,Neoplasm of uncertain or unknown behaviour: Other specified sites,,
ORTH26A,Unspecified Diabetes Mellitus With Peripheral Circulatory Complications,D48.7,Neoplasm of uncertain or unknown behaviour: Other specified sites,,
ORTH26A,Surgery for amputation of hand/foot (through or below ankle/wrist joint) >=12 Yrs,E14.5,Unspecified diabetes mellitus: With peripheral circulatory complications,,
ORTH26A,Unspecified Diabetes Mellitus With Peripheral Circulatory Complications,E14.5,Unspecified diabetes mellitus: With peripheral circulatory complications,,
ORTH26A,Surgery for amputation of hand/foot (through or below ankle/wrist joint) >=12 Yrs,N49.3,Gangrene,,
ORTH26A,Unspecified Diabetes Mellitus With Peripheral Circulatory Complications,N49.3,Gangrene,,
ORTH26C,Surgery for amputation of hand/foot (through or below ankle/wrist joint) <12 Yrs,D48.7,Neoplasm of uncertain or unknown behaviour: Other specified sites,,
ORTH26C,Surgery for amputation of hand/foot (through or below ankle/wrist joint) <12 Yrs,E14.5,Unspecified diabetes mellitus: With peripheral circulatory complications,,
ORTH26C,Surgery for amputation of hand/foot (through or below ankle/wrist joint) <12 Yrs,N49.3,Gangrene,,
ORTH27A,"Amputation below or through elbow or knee, through proximal joints or for the
complete removal of limb >=12 Yr",A48.0,Gas gangrene,,
ORTH27A,"Amputation below or through elbow or knee, through proximal joints or for the
complete removal of limb >=12 Yr",Q74.9,Unspecified congenital malformation of limb(s),,
ORTH27A,"Amputation below or through elbow or knee, through proximal joints or for the
complete removal of limb >=12 Yr",R02.00,"Gangrene, not elsewhere classified",,
ORTH27C,Amputation below or through elbow or knee or for the complete removal of limb <12 Yrs,,,,
PAED01C,Thyroid Diseases <12 Yrs,E03.0,Congenital hypothyroidism with diffuse goitre,,
PAED01C,Thyroid Diseases <12 Yrs,E03.9,"Hypothyroidism, unspecified",,
PAED01C,Thyroid Diseases <12 Yrs,E04.9,"Nontoxic goitre, unspecified",,
PAED01C,Thyroid Diseases <12 Yrs,E61.8,Deficiency of other specified nutrient elements,,
PAED02C,Diabetes - Simple <12 Yrs,,,,
PAED03C,Diabetes with Complications <12 Yrs,E14.1,Unspecified diabetes mellitus: With ketoacidosis,,
PAED03C,Diabetes with Complications <12 Yrs,E14.8,Unspecified diabetes mellitus: With unspecified complications,,
PAED03C,Diabetes with Complications <12 Yrs,E87.0,Hyperosmolality and hypernatraemia,,
PAED04C,Other Endocrine Diseases <12 Yrs,E21.3,"Hyperparathyroidism, unspecified",,
PAED04C,Other Endocrine Diseases <12 Yrs,E23.2,Diabetes insipidus,,
PAED04C,Other Endocrine Diseases <12 Yrs,E25.0,Congenital adrenogenital disorders associated with enzyme deficiency,,
PAED05C,Malnutrition <12 Yrs,E40.00,Kwashiorkor,,
PAED05C,Malnutrition <12 Yrs,E41.00,Nutritional marasmus,,
PAED05C,Malnutrition <12 Yrs,E42.00,Marasmic kwashiorkor,,
PAED05C,Malnutrition <12 Yrs,E43.00,Unspecified severe protein-energy malnutrition,,
PAED05C,Malnutrition <12 Yrs,E45.00,Retarded development following protein-energy malnutrition,,
PAED05C,Malnutrition <12 Yrs,E46.00,Unspecified protein-energy malnutrition,,
PAED05C,Malnutrition <12 Yrs,E54.00,Ascorbic acid deficiency,,
PAED05C,Malnutrition <12 Yrs,E55.9,"Vitamin D deficiency, unspecified",,
PAED06C,Anaemia <12 Yrs,D50.9,"Iron deficiency anaemia, unspecified",,
PAED06C,Anaemia <12 Yrs,D51.9,"Vitamin B12 deficiency anaemia, unspecified",,
PAED06C,Anaemia <12 Yrs,D58.9,"Hereditary haemolytic anaemia, unspecified",,
PAED06C,Anaemia <12 Yrs,P61.2,Anaemia of prematurity,,
PAED07C,Other Neonatal Diseases,E70.0,Classical phenylketonuria,,
PAED07C,Other Neonatal Diseases,E88.9,"Metabolic disorder, unspecified",,
PAED08C,Neonatal Jaundice - Severe,P58.9,"Neonatal jaundice due to excessive haemolysis, unspecified",,
PAED09C,Neonatal Jaundice - Simple,P59.9,"Neonatal jaundice, unspecified",,
PAED10C,Birth Weight Abnormalities,P08.0,Exceptionally large baby,,
PAED11C,Birth Trauma,P10.9,Unspecified intracranial laceration and haemorrhage due to birth injury,,
PAED11C,Birth Trauma,P13.9,"Birth injury to skeleton, unspecified",,
PAED11C,Birth Trauma,P15.9,"Birth injury, unspecified",,
PAED12C,Neonatal Respiratory Disorders without Ventilation,,,,
PAED13C,Neonatal Respiratory Disorders with Ventilation,P22.0,Respiratory distress syndrome of newborn,,
PAED14C,Neonatal Septicaemia,A33.00,Tetanus neonatorum,,
PAED14C,Neonatal Septicaemia,A41.9,"Sepsis, unspecified",,
PAED14C,Neonatal Septicaemia,G03.9,"Meningitis, unspecified",,
PAED14C,Neonatal Septicaemia,J18.9,"Pneumonia, unspecified",,
PAED15C,Heart Disease <12 Yrs,I00.00,Rheumatic fever without mention of heart involvement,,
PAED15C,Heart Disease <12 Yrs,I31.3,Pericardial effusion (noninflammatory),,
PAED15C,Heart Disease <12 Yrs,I31.9,"Disease of pericardium, unspecified",,
PAED15C,Heart Disease <12 Yrs,I38.00,"Endocarditis, valve unspecified",,
PAED15C,Heart Disease <12 Yrs,I50.9,"Heart failure, unspecified",,
PAED15C,Heart Disease <12 Yrs,I51.4,"Myocarditis, unspecified",,
PAED15C,Heart Disease <12 Yrs,Q24.9,"Congenital malformation of heart, unspecified",,
PAED16C,Poisoning <12 Yrs,J68.0,"Bronchitis and pneumonitis due to chemicals, gases, fumes and vapours",,
PAED18C,Non-Traumatic Coma <12 Yrs,A17.0,Tuberculous meningitis,,
PAED18C,Non-Traumatic Coma <12 Yrs,E14.0,Unspecified diabetes mellitus: With coma,,
PAED18C,Non-Traumatic Coma <12 Yrs,E15.00,Nondiabetic hypoglycaemic coma,,
PAED18C,Non-Traumatic Coma <12 Yrs,G03.9,"Meningitis, unspecified",,
PAED18C,Non-Traumatic Coma <12 Yrs,I64.00,"Stroke, not specified as haemorrhage or infarction",,
PAED18C,Non-Traumatic Coma <12 Yrs,N19.00,Unspecified kidney failure,,
PAED19C,Paralytic Conditions <12 Yrs,A80.9,"Acute poliomyelitis, unspecified",,
PAED19C,Paralytic Conditions <12 Yrs,G37.3,Acute transverse myelitis in demyelinating disease of central nervous system,,
PAED19C,Paralytic Conditions <12 Yrs,G61.0,Guillain-BarrE9 syndrome,,
PAED20C,Seizure Disorders <12 Yrs,R56.8,Other and unspecified convulsions,,
PAED21C,Transient Loss of Consciousness <12 Yrs,G41.9,"Status epilepticus, unspecified",,
PAED21C,Transient Loss of Consciousness <12 Yrs,G45.9,"Transient cerebral ischaemic attack, unspecified",,
PAED21C,Transient Loss of Consciousness <12 Yrs,R55.00,Syncope and collapse,,
PAED22C,Cerebro Vascular Accident/Stroke <12 Yrs,G80.9,"Cerebral palsy, unspecified",,
PAED22C,Cerebro Vascular Accident/Stroke <12 Yrs,I67.9,"Cerebrovascular disease, unspecified",,
PAED23C,Bone Marrow Hypoplasia <12 Yrs,D61.9,"Aplastic anaemia, unspecified",,
PAED24C,Sickle Cell Disease with Complication/Crisis <12 Yrs,,,,
PAED25C,Clotting/Bleeding Disorders <12 Yrs,D65.00,Disseminated intravascular coagulation [defibrination syndrome],,
PAED25C,Clotting/Bleeding Disorders <12 Yrs,D66.00,Hereditary factor VIII deficiency,,
PAED25C,Clotting/Bleeding Disorders <12 Yrs,P53.00,Haemorrhagic disease of fetus and newborn,,
PAED26C,Diseases of Skin/Subcutaneous Tissues <12 Yrs,L23.9,"Allergic contact dermatitis, unspecified cause",,
PAED26C,Diseases of Skin/Subcutaneous Tissues <12 Yrs,L30.9,"Dermatitis, unspecified",,
PAED26C,Diseases of Skin/Subcutaneous Tissues <12 Yrs,L51.1,Bullous erythema multiforme,,
PAED26C,Diseases of Skin/Subcutaneous Tissues <12 Yrs,T30.0,"Burn of unspecified body region, unspecified degree",,
PAED27C,Kidney Disease without Renal Failure <12 Yrs,,,,
PAED28C,Renal Failure without Dialysis <12 Yrs,N18.9,"Chronic kidney disease, unspecified",,
PAED29C,Acute Renal Failure with Dialysis <12 Yrs,N17.9,"Acute renal failure, unspecified",,
PAED30C,Obstructive Airway Disease <12 Yrs,J21.9,"Acute bronchiolitis, unspecified",,
PAED30C,Obstructive Airway Disease <12 Yrs,J40.00,"Bronchitis, not specified as acute or chronic",,
PAED30C,Obstructive Airway Disease <12 Yrs,J42.00,Unspecified chronic bronchitis,,
PAED30C,Obstructive Airway Disease <12 Yrs,J44.9,"Chronic obstructive pulmonary disease, unspecified",,
PAED30C,Obstructive Airway Disease <12 Yrs,J46.00,Status asthmaticus,,
PAED31C,Diarrhoea and Vomiting <12 Yrs,A03.9,"Shigellosis, unspecified",,
PAED31C,Diarrhoea and Vomiting <12 Yrs,A09.0,Other and unspecified gastroenteritis and colitis of infectious origin,,
PAED32C,Liver Diseases <12 Yrs,B17.9,"Acute viral hepatitis, unspecified",,
PAED33C,Gastro Intestinal Tract Bleeding <12 Yrs,I86.4,Gastric varices,,
PAED33C,Gastro Intestinal Tract Bleeding <12 Yrs,K92.0,Haematemesis,,
PAED33C,Gastro Intestinal Tract Bleeding <12 Yrs,K92.1,Melaena,,
PAED33C,Gastro Intestinal Tract Bleeding <12 Yrs,K92.2,"Gastrointestinal haemorrhage, unspecified",,
PAED34C,Non-Specific Abdominal Conditions <12 Yrs,B83.9,"Helminthiasis, unspecified",,
PAED34C,Non-Specific Abdominal Conditions <12 Yrs,B89.00,Unspecified parasitic disease,,
PAED35C,Shock <12 Yrs,A41.9,"Sepsis, unspecified",,
PAED35C,Shock <12 Yrs,R57.0,Cardiogenic shock,,
PAED35C,Shock <12 Yrs,R57.1,Hypovolaemic shock,,
PAED35C,Shock <12 Yrs,R57.9,"Shock, unspecified",,
PAED35C,Shock <12 Yrs,R58.00,"Haemorrhage, not elsewhere classified",,
PAED36C,Malaria <12 Yrs,B54.00,Unspecified malaria,,
PAED37C,Black Water Fever <12 Yrs,,,,
PAED38C,Severe Infections <12 Yrs,A20.3,Plague meningitis,,
PAED38C,Severe Infections <12 Yrs,A41.9,"Sepsis, unspecified",,
PAED38C,Severe Infections <12 Yrs,A86.00,Unspecified viral encephalitis,,
PAED38C,Severe Infections <12 Yrs,A92.8,Other specified mosquito-borne viral fevers,,
PAED38C,Severe Infections <12 Yrs,A92.9,"Mosquito-borne viral fever, unspecified",,
PAED38C,Severe Infections <12 Yrs,A99.00,Unspecified viral haemorrhagic fever,,
PAED38C,Severe Infections <12 Yrs,B94.1,Sequelae of viral encephalitis,,
PAED38C,Severe Infections <12 Yrs,G03.9,"Meningitis, unspecified",,
PAED38C,Severe Infections <12 Yrs,G05.00,"Encephalitis, Myelitis And Encephalomyelitis In Diseases Classified Elsewhere",,
PAED38C,Severe Infections <12 Yrs,I33.0,Acute and subacute infective endocarditis,,
PAED38C,Severe Infections <12 Yrs,J18.9,"Pneumonia, unspecified",,
PAED38C,Severe Infections <12 Yrs,J47.00,Bronchiectasis,,
PAED38C,Severe Infections <12 Yrs,J99.00,Respiratory Disorders In Diseases Classified Elsewhere,,
PAED38C,Severe Infections <12 Yrs,M00.9,"Pyogenic arthritis, unspecified",,
PAED38C,Severe Infections <12 Yrs,N12.00,"Tubulo-interstitial nephritis, not specified as acute or chronic",,
PAED38C,Severe Infections <12 Yrs,Q33.4,Congenital bronchiectasis,,
PAED38C,Severe Infections <12 Yrs,R21.00,Rash and other nonspecific skin eruption,,
PAED39C,Localised Infections <12 Yrs,J02.9,"Acute pharyngitis, unspecified",,
PAED39C,Localised Infections <12 Yrs,J18.9,"Pneumonia, unspecified",,
PAED39C,Localised Infections <12 Yrs,J32.9,"Chronic sinusitis, unspecified",,
PAED39C,Localised Infections <12 Yrs,J40.00,"Bronchitis, not specified as acute or chronic",,
PAED39C,Localised Infections <12 Yrs,J98.8,Other specified respiratory disorders,,
PAED39C,Localised Infections <12 Yrs,N39.0,"Urinary tract infection, site not specified",,
PAED39C,Localised Infections <12 Yrs,P38.00,Omphalitis of newborn with or without mild haemorrhage,,
PAED40C,Hypertension <12 Yrs,I10.00,Essential (primary) hypertension,,
PAED41C,Ischaemic Heart Disease <12 Yrs,I20.0,Unstable angina,,
PAED41C,Ischaemic Heart Disease <12 Yrs,I25.2,Old myocardial infarction,,
PAED42C,Pulmonary Embolism <12 Yrs,,,,
PAED43C,Ulcer of Skin <12 Yrs,,,,
PAED44C,Animal Bites <12 Yrs,W53.00,Bitten by rat,,
PAED44C,Animal Bites <12 Yrs,W54.00,Bitten or struck by dog,,
PAED45C,Retroviral Infection/Immuno Suppression <12 Yrs,B20.0,HIV disease resulting in mycobacterial infection,,
PAED45C,Retroviral Infection/Immuno Suppression <12 Yrs,B20.1,HIV disease resulting in other bacterial infections,,
PAED45C,Retroviral Infection/Immuno Suppression <12 Yrs,B20.2,HIV disease resulting in cytomegaloviral disease,,
PAED45C,Retroviral Infection/Immuno Suppression <12 Yrs,B20.3,HIV disease resulting in other viral infections,,
PAED45C,Retroviral Infection/Immuno Suppression <12 Yrs,B20.4,HIV disease resulting in candidiasis,,
PAED45C,Retroviral Infection/Immuno Suppression <12 Yrs,B20.5,HIV disease resulting in other mycoses,,
PAED45C,Retroviral Infection/Immuno Suppression <12 Yrs,B20.6,HIV disease resulting in Pneumocystis jirovecii pneumonia,,
PAED45C,Retroviral Infection/Immuno Suppression <12 Yrs,B20.7,HIV disease resulting in multiple infections,,
PAED45C,Retroviral Infection/Immuno Suppression <12 Yrs,B20.8,HIV disease resulting in other infectious and parasitic diseases,,
PAED45C,Retroviral Infection/Immuno Suppression <12 Yrs,B20.9,HIV disease resulting in unspecified infectious or parasitic disease,,
PAED46C,Cerebral Malaria,B50.0,Plasmodium falciparum malaria with cerebral complications,,
PAED47C,Chemotherapy,,,,
PAED48C,Radiotherapy,,,,
PAED49C,Acute Lymphoblastic Leukaemia (Initiation Therapy),,,,
PAED50C,Acute Lymphoblastic Leukaemia (Maintenance Therapy),,,,
PAED51C,Burkitt Lymphoma,,,,
PAED52C,Retinoblastoma,,,,
PAED53C,Wilms Tumor,,,,
PAED54C,Dialysis for Chronic Renal Failure < 12Yrs,,,,
PSUR01C,Laparotomy and Resection <12 Yrs,K31.1,Adult hypertrophic pyloric stenosis,,
PSUR01C,Laparotomy and Resection <12 Yrs,K43.3,Parastomal Hernia With Obstruction Without Gangrene,,
PSUR01C,Laparotomy and Resection <12 Yrs,Q41.9,"Congenital absence, atresia and stenosis of small intestine, part unspecified",,
PSUR01C,Laparotomy and Resection <12 Yrs,Q43.0,Meckel diverticulum,,
PSUR01C,Laparotomy and Resection <12 Yrs,Q43.1,Hirschsprung disease,,
PSUR02C,Laparotomy and Excision Biopsy <12 Yrs,D73.1,Hypersplenism,,
PSUR02C,Laparotomy and Excision Biopsy <12 Yrs,E27.9,"Disorder of adrenal gland, unspecified",,
PSUR02C,Laparotomy and Excision Biopsy <12 Yrs,N28.9,"Disorder of kidney and ureter, unspecified",,
PSUR03C,Laparotomy and surgery for upper renal anomalies <12 Yrs,N13.2,Hydronephrosis with renal and ureteral calculous obstruction,,
PSUR03C,Laparotomy and surgery for upper renal anomalies <12 Yrs,Q61.4,Renal dysplasia,,
PSUR03C,Laparotomy and surgery for upper renal anomalies <12 Yrs,Q63.9,"Congenital malformation of kidney, unspecified",,
PSUR04C,Excision Biopsy deep masses <12 Yrs,D48.9,"Neoplasm of uncertain or unknown behaviour: Neoplasm of uncertain or unknown behaviour, unspecified",,
PSUR05C,Excision Biopsy Superficial masses <12 Yrs,D18.1,"Lymphangioma, any site",,
PSUR05C,Excision Biopsy Superficial masses <12 Yrs,D23.9,"Benign neoplasm: Skin, unspecified",,
PSUR05C,Excision Biopsy Superficial masses <12 Yrs,K62.1,Rectal polyp,,
PSUR05C,Excision Biopsy Superficial masses <12 Yrs,Q18.0,"Sinus, fistula and cyst of branchial cleft",,
PSUR05C,Excision Biopsy Superficial masses <12 Yrs,Q89.2,Congenital malformations of other endocrine glands,,
PSUR05C,Excision Biopsy Superficial masses <12 Yrs,R22.9,"Localized swelling, mass and lump, unspecified",,
PSUR06C,Incision and Drainage GA <12 Yrs,N61.00,Inflammatory disorders of breast,,
PSUR07C,Repair of Minor Abdominal Wall Defects <12 Yrs,K44.9,Diaphragmatic hernia without obstruction or gangrene,,
PSUR07C,Repair of Minor Abdominal Wall Defects <12 Yrs,K46.9,Unspecified abdominal hernia without obstruction or gangrene,,
PSUR08C,Repair of Major Abdominal Wall Defects <12 Yrs,K42.9,Umbilical hernia without obstruction or gangrene,,
PSUR08C,Repair of Major Abdominal Wall Defects <12 Yrs,K43.2,Incisional Hernia Without Obstruction Or Gangrene,,
PSUR08C,Repair of Major Abdominal Wall Defects <12 Yrs,K43.6,Spigelian Hernia,,
PSUR08C,Repair of Major Abdominal Wall Defects <12 Yrs,K43.9,Ventral hernia without obstruction or gangrene,,
PSUR08C,Repair of Major Abdominal Wall Defects <12 Yrs,Q79.2,Exomphalos,,
PSUR08C,Repair of Major Abdominal Wall Defects <12 Yrs,Q79.3,Gastroschisis,,
PSUR08C,Repair of Major Abdominal Wall Defects <12 Yrs,Q79.4,Prune belly syndrome,,
PSUR09C,Exploratory Laparotomy <12 Yrs,K65.9,"Peritonitis, unspecified",,
PSUR09C,Exploratory Laparotomy <12 Yrs,K66.1,Haemoperitoneum,,
PSUR10C,Gastrostomy <12 Yrs,Q39.0,Atresia of oesophagus without fistula,,
PSUR11C,Laparotomy with Repair <12 Yrs,K43.9,Ventral hernia without obstruction or gangrene,,
PSUR11C,Laparotomy with Repair <12 Yrs,K44.9,Diaphragmatic hernia without obstruction or gangrene,,
PSUR12C,Laparotomy with Appendicectomy <12 Yrs,K36.00,Other appendicitis,,
PSUR12C,Laparotomy with Appendicectomy <12 Yrs,K37.00,Unspecified appendicitis,,
PSUR14C,Thoracotomy and oesophageal surgery <12 Yrs,K21.9,Gastro-oesophageal reflux disease without oesophagitis,,
PSUR14C,Thoracotomy and oesophageal surgery <12 Yrs,K22.0,Achalasia of cardia,,
PSUR14C,Thoracotomy and oesophageal surgery <12 Yrs,K22.2,Oesophageal obstruction,,
PSUR14C,Thoracotomy and oesophageal surgery <12 Yrs,Q39.0,Atresia of oesophagus without fistula,,
PSUR15C,Repair of Lower Urinary Tract Malformation <12 Yrs,N36.0,Urethral fistula,,
PSUR15C,Repair of Lower Urinary Tract Malformation <12 Yrs,Q54.9,"Hypospadias, unspecified",,
PSUR15C,Repair of Lower Urinary Tract Malformation <12 Yrs,Q64.0,Epispadias,,
PSUR16C,Repair of Congenital Genito-Urinary Malformations <12 Yrs,Q64.0,Epispadias,,
PSUR17C,Surgery for anal conditions <12 Yrs,K60.2,"Anal fissure, unspecified",,
PSUR17C,Surgery for anal conditions <12 Yrs,K60.3,Anal fistula,,
PSUR17C,Surgery for anal conditions <12 Yrs,K62.1,Rectal polyp,,
PSUR18C,Primary Closure and Repair <12 Yrs,Q01.0,Frontal encephalocele,,
PSUR18C,Primary Closure and Repair <12 Yrs,Q05.9,"Spina bifida, unspecified",,
PSUR18C,Primary Closure and Repair <12 Yrs,Q35.9,"Cleft palate, unspecified",,
PSUR18C,Primary Closure and Repair <12 Yrs,Q36.9,"Cleft lip, unilateral",,
PSUR19C,Laparatomy for biliary surgery <12 Yrs,Q44.2,Atresia of bile ducts,,
PSUR19C,Laparatomy for biliary surgery <12 Yrs,Q44.4,Choledochal cyst,,
PSUR20C,Laparotomy with Separation <12 Yrs,Q89.4,Conjoined twins,,
PSUR21C,Surgery of Scrotal contents and testes <12 Yrs,I86.1,Scrotal varices,,
PSUR21C,Surgery of Scrotal contents and testes <12 Yrs,N43.3,"Hydrocele, unspecified",,
PSUR21C,Surgery of Scrotal contents and testes <12 Yrs,Q53.9,"Undescended testicle, unspecified",,
PSUR23C,Laparotomy for Haemoperitoneum <12 Yrs,R19.8,Other specified symptoms and signs involving the digestive system and abdomen,,
PSUR23C,Laparotomy for Haemoperitoneum <12 Yrs,S36.0,Injury of spleen,,
PSUR23C,Laparotomy for Haemoperitoneum <12 Yrs,S36.1,Injury of liver or gallbladder,,
PSUR24C,Laparotomy with Enterostomy Formation and closure <12 Yrs,K60.5,Anorectal fistula,,
PSUR24C,Laparotomy with Enterostomy Formation and closure <12 Yrs,Q43.1,Hirschsprung disease,,
PSUR25C,Posterior Sagittal Anorectoplasty (PSARP) <12 Yrs,Q43.9,"Congenital malformation of intestine, unspecified",,
PSUR26C,Burns - OPD Wound Dressing <12 Yrs,T31.0,Burns involving less than 10% of body surface,,
PSUR27C,Burns - Non operative Management - Inpatient <12 Yrs,,,,
PSUR28C,Surgery for Burns <12 Yrs,T30.0,"Burn of unspecified body region, unspecified degree",,
PSUR29C,Minor Surgery for Sexual Assault <12 Yrs,,,,
PSUR30C,Major Surgery for Sexual Assault <12 Yrs,,,,
PSUR31C,Laparotomy with anastomosis <12 Yrs,K66.8,Other specified disorders of peritoneum,,
PSUR31C,Laparotomy with anastomosis <12 Yrs,Q41.9,"Congenital absence, atresia and stenosis of small intestine, part unspecified",,
PSUR31C,Laparotomy with anastomosis <12 Yrs,Q43.3,Congenital malformations of intestinal fixation,,
PSUR32C,Craniotomy <12 Yrs,D43.2,"Neoplasm of uncertain or unknown behaviour: Brain, unspecified",,
PSUR32C,Craniotomy <12 Yrs,I61.9,"Intracerebral haemorrhage, unspecified",,
PSUR33C,Endoscopic surgery for bleeding oesophageal varices <12 Yrs,I86.4,Gastric varices,,
PSUR34C,Thoracostomy and chest tube insertion <12 Yrs,J90.00,"Pleural effusion, not elsewhere classified",,
PSUR34C,Thoracostomy and chest tube insertion <12 Yrs,J93.9,"Pneumothorax, unspecified",,
PSUR34C,Thoracostomy and chest tube insertion <12 Yrs,J94.2,Haemothorax,,
PSUR35C,Vascular Surgery Operations <12 Yrs,I71.9,"Aortic aneurysm of unspecified site, without mention of rupture",,
PSUR35C,Vascular Surgery Operations <12 Yrs,I72.4,Aneurysm and dissection of artery of lower extremity,,
PSUR35C,Vascular Surgery Operations <12 Yrs,I73.9,"Peripheral vascular disease, unspecified",,
PSUR35C,Vascular Surgery Operations <12 Yrs,I74.9,Embolism and thrombosis of unspecified artery,,
PSUR36C,Conservative management of surgery <12 Yrs,K36.00,Other appendicitis,,
PSUR36C,Conservative management of surgery <12 Yrs,K38.8,Other specified diseases of appendix,,
PSUR36C,Conservative management of surgery <12 Yrs,K81.1,Chronic cholecystitis,,
PSUR37C,Surgery for removal of finger/toe <12 Yrs,D48.7,Neoplasm of uncertain or unknown behaviour: Other specified sites,,
PSUR37C,Surgery for removal of finger/toe <12 Yrs,N49.3,Gangrene,,
PSUR38C,"Surgery for amputation of hand/foot (through or below ankle or wrist
joint) <12 Yr",D48.7,Neoplasm of uncertain or unknown behaviour: Other specified sites,,
PSUR38C,"Surgery for amputation of hand/foot (through or below ankle or wrist
joint) <12 Yr",N49.3,Gangrene,,
PSUR39C,"Amputation below or through elbow or knee, through proximal joints
or for the complete removal of limb <12 Yr",D48.7,Neoplasm of uncertain or unknown behaviour: Other specified sites,,
PSUR39C,"Amputation below or through elbow or knee, through proximal joints
or for the complete removal of limb <12 Yr",N49.3,Gangrene,,
RSUR01A,Reconstructive repair >=12 Yrs,Q35.9,"Cleft palate, unspecified",,
RSUR01A,Cleft Lip,Q35.9,"Cleft palate, unspecified",,
RSUR01A,Reconstructive repair >=12 Yrs,Q36.9,"Cleft lip, unilateral",,
RSUR01A,Cleft Lip,Q36.9,"Cleft lip, unilateral",,
RSUR01A,Reconstructive repair >=12 Yrs,Q54.9,"Hypospadias, unspecified",,
RSUR01A,Cleft Lip,Q54.9,"Hypospadias, unspecified",,
RSUR01A,Reconstructive repair >=12 Yrs,T14.4,Injury of nerve(s) of unspecified body region,,
RSUR01A,Cleft Lip,T14.4,Injury of nerve(s) of unspecified body region,,
RSUR01A,Reconstructive repair >=12 Yrs,T14.5,Injury of blood vessel(s) of unspecified body region,,
RSUR01A,Cleft Lip,T14.5,Injury of blood vessel(s) of unspecified body region,,
RSUR01A,Reconstructive repair >=12 Yrs,T14.6,Injury of muscles and tendons of unspecified body region,,
RSUR01A,Cleft Lip,T14.6,Injury of muscles and tendons of unspecified body region,,
RSUR01C,Reconstructive repair <12 Yrs,Q35.9,"Cleft palate, unspecified",,
RSUR01C,Reconstructive repair <12 Yrs,Q36.9,"Cleft lip, unilateral",,
RSUR01C,Reconstructive repair <12 Yrs,Q54.9,"Hypospadias, unspecified",,
RSUR01C,Reconstructive repair <12 Yrs,T14.4,Injury of nerve(s) of unspecified body region,,
RSUR01C,Reconstructive repair <12 Yrs,T14.5,Injury of blood vessel(s) of unspecified body region,,
RSUR01C,Reconstructive repair <12 Yrs,T14.6,Injury of muscles and tendons of unspecified body region,,
RSUR02A,Shaving and Skin Grafting >=12 Yrs,T30.0,"Burn of unspecified body region, unspecified degree",,
RSUR02A,Burns,T30.0,"Burn of unspecified body region, unspecified degree",,
RSUR02C,Shaving and Skin Grafting <12 Yrs,T30.0,"Burn of unspecified body region, unspecified degree",,
RSUR03A,Excisional Debridement and Dressing >=12 Yrs,T30.0,"Burn of unspecified body region, unspecified degree",,
RSUR03A,Burns,T30.0,"Burn of unspecified body region, unspecified degree",,
RSUR03C,Excisional Debridement and Dressing <12 Yrs,T30.0,"Burn of unspecified body region, unspecified degree",,
RSUR04A,Excisional Debridement with Suturing >=12 Yrs,T14.1,Open wound of unspecified body region,,
RSUR04A,Injury Of Unspecified Body Region,T14.1,Open wound of unspecified body region,,
RSUR04C,Excisional Debridement with Suturing <12 Yrs,T14.1,Open wound of unspecified body region,,
RSUR05A,Excisional Debridement with Skin Grafting >=12 Yrs,,,,
RSUR05A,Injury Of Unspecified Body Region,,,,
RSUR05C,Excisional Debridement with Skin Grafting <12 Yrs,,,,
RSUR06A,Excisional Debridement with Flap Reconstruction >=12 Yrs,,,,
RSUR06A,Injury Of Unspecified Body Region,,,,
RSUR06C,Excisional Debridement with Flap Reconstruction <12 Yrs,,,,
RSUR07A,Excision Biopsy >=12 Yrs,C49.9,"Malignant neoplasm: Connective and soft tissue, unspecified",,
RSUR07A,Lipoma,C49.9,"Malignant neoplasm: Connective and soft tissue, unspecified",,
RSUR07A,Excision Biopsy >=12 Yrs,D17.9,"Benign lipomatous neoplasm, unspecified",,
RSUR07A,Lipoma,D17.9,"Benign lipomatous neoplasm, unspecified",,
RSUR07A,Excision Biopsy >=12 Yrs,Q69.9,"Polydactyly, unspecified",,
RSUR07A,Lipoma,Q69.9,"Polydactyly, unspecified",,
RSUR07C,Excision Biopsy <12 Yrs,C49.9,"Malignant neoplasm: Connective and soft tissue, unspecified",,
RSUR07C,Excision Biopsy <12 Yrs,D17.9,"Benign lipomatous neoplasm, unspecified",,
RSUR07C,Excision Biopsy <12 Yrs,Q69.9,"Polydactyly, unspecified",,
RSUR08A,Escharotomy >=12 Yrs,T30.0,"Burn of unspecified body region, unspecified degree",,
RSUR08A,Burns,T30.0,"Burn of unspecified body region, unspecified degree",,
RSUR08C,Escharotomy <12 Yrs,T30.0,"Burn of unspecified body region, unspecified degree",,
RSUR09A,Z-plasty >=12 Yrs,,,,
RSUR09A,Contracture Of Muscle,,,,
RSUR09C,Z-plasty <12 Yrs,,,,
RSUR10A,Corrective Osteotomy >=12 Yrs,Q75.0,Craniosynostosis,,
RSUR10A,Craniosynostosis,Q75.0,Craniosynostosis,,
RSUR10C,Corrective Osteotomy <12 Yrs,Q75.0,Craniosynostosis,,
RSUR11A,Reconstruction >=12 Yrs,K13.0,Diseases of lips,,
RSUR11A,Injury Of Unspecified Body Region,K13.0,Diseases of lips,,
RSUR11C,Reconstruction <12 Yrs,K13.0,Diseases of lips,,
RSUR12A,Release/Excision and Split Skin Grafting >=12 Yrs,I89.0,"Lymphoedema, not elsewhere classified",,
RSUR12A,Lymphoedema(Lymphangiectasis),I89.0,"Lymphoedema, not elsewhere classified",,
RSUR12C,Release/Excision and Split Skin Grafting <12 Yrs,I89.0,"Lymphoedema, not elsewhere classified",,
RSUR13A,Release/Excision and Full thickness skin graft >=12 Yrs,Q70.9,"Syndactyly, unspecified",,
RSUR13A,Neurofibromatosis,Q70.9,"Syndactyly, unspecified",,
RSUR13C,Release/Excision and Full thickness skin graft <12 Yrs,Q70.9,"Syndactyly, unspecified",,
RSUR14A,Debaulking >=12 Yrs,,,,
RSUR14A,Neurofibromatosis,,,,
RSUR14C,Debaulking <12 Yrs,,,,
RSUR15A,Primary Suturing >=12 Yrs,,,,
RSUR15A,Injury Of Unspecified Body Region,,,,
RSUR15C,Primary Suturing <12 Yrs,,,,
ZOOM01A,Endoscopy (Rigid & Flexible) >=12 Yrs,,,,
ZOOM01C,Endoscopy (Rigid & Flexible) <12 Yrs,,,,
ZOOM02A,Detention for Observation and Treatment - Adult,,,,
ZOOM02C,Detention for Observation and Treatment - Child,,,,
ZOOM03A,Inpatient transfer out/Referral- Adult,,,,
ZOOM03C,Inpatient transfer out/Referral- Child,,,,
ZOOM04A,Change of Catheter >=12 Yrs,,,,
ZOOM04C,Change of Catheter < 12 Yrs,,,,
ZOOM05A,Change of Dressing >=12 Yrs,,,,
ZOOM05C,Change of Dressing < 12 Yrs,,,,
ZOOM06A,Male Circumcision >=12 Yrs,,,,
ZOOM06C,Male Circumcision <12 Yrs,,,,
ZOOM07A,Dressing And Minor Suturing >=12 Yrs,,,,
ZOOM07C,Dressing And Minor Suturing <=12 Yrs,,,,
ZOOM08A,Tubal Ligation,,,,
ZOOM09A,Vasectomy,,,,
ZOOM10A,IUD,,,,
ZOOM11A,Implant,,,,
ZOOM12A,Injectable (Three Months),,,,
ZOOM13A,Injectable (One Month),,,,
